mode,file,topic,assigned_label,diversity,coherence,total_samples,label_counts,Politics,Activism,Nature,Disaster,Renewable,Fossil,Lifestyle,Nuclear,Electricity,Waste,Agriculture,Weather,Transportation,Technology,Privacy,Construction,Infrastructure,Job Opportunities,Air Quality,Environment,Economics,N/A,No category,Not climate-related,Other,Inappropriate,This text does not fit any of the provided categories. The category name is: Lifestyle.,Uncategorized,Arts,Literature,No specific category fits the provided text.,Not classified,Shopping,Water,New Category,Economy,Economic,Public Realm,Climate,Education,Energy,Space,Air Pollution,Event,Pollution,Legislation,ClimateAction,Climate Action,Biodiversity,Climate Resilience,Climate Crisis,- Politics,No category.,- Nature,None,- Technology,Housing,Science,Climate Science,Research,Business,Art,- Electricity,SustainableInvesting,ClimateCrisis,SeismicActivity,Data,Climate Change,Career,This text does not fit any of the provided categories.,No relevant category.,Climate Denial,Jobs,Sustainability,No category applies.,- Waste,- Lifestyle,- Health,Climate Disinformation,Wildlife,EndangeredSpecies,- Activism,Climate Aid,Adaptation,ClimateScience,HealthRisks,Food,Immigration
multi_label,topic_0000.json,0,Politics,9,0.457,20,"{'Politics': 16, 'Activism': 7, 'Disaster': 4, 'Lifestyle': 2, 'Nature': 2, 'Weather': 1, 'Renewable': 1, 'Environment': 1, 'Economy': 1}",16,7,2,4,1,0,2,0,0,0,0,1,0,0,0,0,0,0,0,1,0,0,0,0,0,0,0,0,0,0,0,0,0,0,0,1,0,0,0,0,0,0,0,0,0,0,0,0,0,0,0,0,0,0,0,0,0,0,0,0,0,0,0,0,0,0,0,0,0,0,0,0,0,0,0,0,0,0,0,0,0,0,0,0,0,0,0,0
multi_label,topic_0001.json,1,Politics,14,0.39,20,"{'Renewable': 4, 'Politics': 16, 'Fossil': 5, 'Disaster': 2, 'Activism': 4, 'Weather': 1, 'Nature': 1, 'Electricity': 1, 'Lifestyle': 2, 'Air Quality': 1, 'Economic': 1, 'Public Realm': 1, 'Climate': 1, 'Transportation': 1}",16,4,1,2,4,5,2,0,1,0,0,1,1,0,0,0,0,0,1,0,0,0,0,0,0,0,0,0,0,0,0,0,0,0,0,0,1,1,1,0,0,0,0,0,0,0,0,0,0,0,0,0,0,0,0,0,0,0,0,0,0,0,0,0,0,0,0,0,0,0,0,0,0,0,0,0,0,0,0,0,0,0,0,0,0,0,0,0
multi_label,topic_0002.json,2,Fossil,7,0.39,20,"{'Politics': 15, 'Fossil': 16, 'Lifestyle': 3, 'Environment': 1, 'Nature': 4, 'Renewable': 1, 'Construction': 1}",15,0,4,0,1,16,3,0,0,0,0,0,0,0,0,1,0,0,0,1,0,0,0,0,0,0,0,0,0,0,0,0,0,0,0,0,0,0,0,0,0,0,0,0,0,0,0,0,0,0,0,0,0,0,0,0,0,0,0,0,0,0,0,0,0,0,0,0,0,0,0,0,0,0,0,0,0,0,0,0,0,0,0,0,0,0,0,0
multi_label,topic_0003.json,3,Renewable,11,0.211,20,"{'Lifestyle': 2, 'Waste': 7, 'Renewable': 8, 'Nuclear': 1, 'Nature': 1, 'Activism': 7, 'Electricity': 4, 'Politics': 4, 'Fossil': 2, 'Construction': 1, 'Technology': 1}",4,7,1,0,8,2,2,1,4,7,0,0,0,1,0,1,0,0,0,0,0,0,0,0,0,0,0,0,0,0,0,0,0,0,0,0,0,0,0,0,0,0,0,0,0,0,0,0,0,0,0,0,0,0,0,0,0,0,0,0,0,0,0,0,0,0,0,0,0,0,0,0,0,0,0,0,0,0,0,0,0,0,0,0,0,0,0,0
multi_label,topic_0004.json,4,Politics,10,0.513,20,"{'Politics': 20, 'Disaster': 2, 'Renewable': 1, 'Weather': 5, 'Fossil': 5, 'Environment': 1, 'Nature': 1, 'Activism': 2, 'Agriculture': 1, 'Climate': 1}",20,2,1,2,1,5,0,0,0,0,1,5,0,0,0,0,0,0,0,1,0,0,0,0,0,0,0,0,0,0,0,0,0,0,0,0,0,0,1,0,0,0,0,0,0,0,0,0,0,0,0,0,0,0,0,0,0,0,0,0,0,0,0,0,0,0,0,0,0,0,0,0,0,0,0,0,0,0,0,0,0,0,0,0,0,0,0,0
multi_label,topic_0005.json,5,Transportation,9,0.429,20,"{'Politics': 4, 'Renewable': 8, 'Transportation': 18, 'Construction': 1, 'Electricity': 1, 'Lifestyle': 6, 'Disaster': 1, 'Waste': 1, 'Fossil': 2}",4,0,0,1,8,2,6,0,1,1,0,0,18,0,0,1,0,0,0,0,0,0,0,0,0,0,0,0,0,0,0,0,0,0,0,0,0,0,0,0,0,0,0,0,0,0,0,0,0,0,0,0,0,0,0,0,0,0,0,0,0,0,0,0,0,0,0,0,0,0,0,0,0,0,0,0,0,0,0,0,0,0,0,0,0,0,0,0
multi_label,topic_0006.json,6,Fossil,10,0.333,20,"{'Renewable': 7, 'Electricity': 3, 'Fossil': 13, 'Politics': 8, 'Nuclear': 1, 'Education': 1, 'Nature': 1, 'Activism': 2, 'Transportation': 2, 'Waste': 1}",8,2,1,0,7,13,0,1,3,1,0,0,2,0,0,0,0,0,0,0,0,0,0,0,0,0,0,0,0,0,0,0,0,0,0,0,0,0,0,1,0,0,0,0,0,0,0,0,0,0,0,0,0,0,0,0,0,0,0,0,0,0,0,0,0,0,0,0,0,0,0,0,0,0,0,0,0,0,0,0,0,0,0,0,0,0,0,0
multi_label,topic_0007.json,7,Nature,11,0.216,20,"{'Nature': 8, 'Politics': 7, 'Transportation': 2, 'Activism': 8, 'Education': 1, 'Weather': 1, 'Lifestyle': 4, 'Technology': 1, 'Renewable': 2, 'Waste': 2, 'Agriculture': 1}",7,8,8,0,2,0,4,0,0,2,1,1,2,1,0,0,0,0,0,0,0,0,0,0,0,0,0,0,0,0,0,0,0,0,0,0,0,0,0,1,0,0,0,0,0,0,0,0,0,0,0,0,0,0,0,0,0,0,0,0,0,0,0,0,0,0,0,0,0,0,0,0,0,0,0,0,0,0,0,0,0,0,0,0,0,0,0,0
multi_label,topic_0008.json,8,Renewable,9,0.488,20,"{'Renewable': 20, 'Energy': 1, 'Electricity': 10, 'Agriculture': 2, 'Technology': 1, 'Weather': 3, 'Politics': 1, 'Lifestyle': 2, 'Construction': 1}",1,0,0,0,20,0,2,0,10,0,2,3,0,1,0,1,0,0,0,0,0,0,0,0,0,0,0,0,0,0,0,0,0,0,0,0,0,0,0,0,1,0,0,0,0,0,0,0,0,0,0,0,0,0,0,0,0,0,0,0,0,0,0,0,0,0,0,0,0,0,0,0,0,0,0,0,0,0,0,0,0,0,0,0,0,0,0,0
multi_label,topic_0009.json,9,Waste,10,0.528,20,"{'Renewable': 2, 'Waste': 19, 'Electricity': 1, 'Politics': 3, 'Lifestyle': 4, 'Fossil': 2, 'Activism': 2, 'Nature': 1, 'Economy': 1, 'Disaster': 1}",3,2,1,1,2,2,4,0,1,19,0,0,0,0,0,0,0,0,0,0,0,0,0,0,0,0,0,0,0,0,0,0,0,0,0,1,0,0,0,0,0,0,0,0,0,0,0,0,0,0,0,0,0,0,0,0,0,0,0,0,0,0,0,0,0,0,0,0,0,0,0,0,0,0,0,0,0,0,0,0,0,0,0,0,0,0,0,0
multi_label,topic_0010.json,10,Renewable,11,0.289,20,"{'Activism': 2, 'Fossil': 6, 'Renewable': 11, 'Politics': 6, 'Lifestyle': 2, 'Agriculture': 3, 'Nature': 3, 'Climate': 1, 'Disaster': 2, 'Waste': 1, 'Technology': 1}",6,2,3,2,11,6,2,0,0,1,3,0,0,1,0,0,0,0,0,0,0,0,0,0,0,0,0,0,0,0,0,0,0,0,0,0,0,0,1,0,0,0,0,0,0,0,0,0,0,0,0,0,0,0,0,0,0,0,0,0,0,0,0,0,0,0,0,0,0,0,0,0,0,0,0,0,0,0,0,0,0,0,0,0,0,0,0,0
multi_label,topic_0011.json,11,Politics,11,0.256,20,"{'Politics': 10, 'Fossil': 5, 'Weather': 1, 'Transportation': 6, 'Activism': 5, 'Nature': 1, 'Waste': 4, 'Disaster': 3, 'Lifestyle': 1, 'Renewable': 2, 'Space': 1}",10,5,1,3,2,5,1,0,0,4,0,1,6,0,0,0,0,0,0,0,0,0,0,0,0,0,0,0,0,0,0,0,0,0,0,0,0,0,0,0,0,1,0,0,0,0,0,0,0,0,0,0,0,0,0,0,0,0,0,0,0,0,0,0,0,0,0,0,0,0,0,0,0,0,0,0,0,0,0,0,0,0,0,0,0,0,0,0
multi_label,topic_0012.json,12,Agriculture,9,0.472,20,"{'Weather': 2, 'Agriculture': 17, 'Renewable': 1, 'Nature': 3, 'Waste': 2, 'Lifestyle': 3, 'Politics': 4, 'Transportation': 1, 'Activism': 3}",4,3,3,0,1,0,3,0,0,2,17,2,1,0,0,0,0,0,0,0,0,0,0,0,0,0,0,0,0,0,0,0,0,0,0,0,0,0,0,0,0,0,0,0,0,0,0,0,0,0,0,0,0,0,0,0,0,0,0,0,0,0,0,0,0,0,0,0,0,0,0,0,0,0,0,0,0,0,0,0,0,0,0,0,0,0,0,0
multi_label,topic_0013.json,13,Politics,11,0.4,20,"{'Politics': 16, 'Fossil': 7, 'Air Pollution': 1, 'Renewable': 6, 'Climate': 1, 'Waste': 2, 'Nature': 2, 'Electricity': 2, 'Environment': 1, 'Agriculture': 1, 'Transportation': 1}",16,0,2,0,6,7,0,0,2,2,1,0,1,0,0,0,0,0,0,1,0,0,0,0,0,0,0,0,0,0,0,0,0,0,0,0,0,0,1,0,0,0,1,0,0,0,0,0,0,0,0,0,0,0,0,0,0,0,0,0,0,0,0,0,0,0,0,0,0,0,0,0,0,0,0,0,0,0,0,0,0,0,0,0,0,0,0,0
multi_label,topic_0014.json,14,Nature,8,0.366,20,"{'Nature': 15, 'Waste': 2, 'Activism': 8, 'Politics': 5, 'Agriculture': 4, 'Disaster': 4, 'Construction': 2, 'Transportation': 1}",5,8,15,4,0,0,0,0,0,2,4,0,1,0,0,2,0,0,0,0,0,0,0,0,0,0,0,0,0,0,0,0,0,0,0,0,0,0,0,0,0,0,0,0,0,0,0,0,0,0,0,0,0,0,0,0,0,0,0,0,0,0,0,0,0,0,0,0,0,0,0,0,0,0,0,0,0,0,0,0,0,0,0,0,0,0,0,0
multi_label,topic_0015.json,15,Renewable,10,0.289,20,"{'Renewable': 11, 'Electricity': 8, 'Privacy': 1, 'Weather': 3, 'Construction': 6, 'Politics': 3, 'Technology': 2, 'Nature': 2, 'Lifestyle': 1, 'Waste': 1}",3,0,2,0,11,0,1,0,8,1,0,3,0,2,1,6,0,0,0,0,0,0,0,0,0,0,0,0,0,0,0,0,0,0,0,0,0,0,0,0,0,0,0,0,0,0,0,0,0,0,0,0,0,0,0,0,0,0,0,0,0,0,0,0,0,0,0,0,0,0,0,0,0,0,0,0,0,0,0,0,0,0,0,0,0,0,0,0
multi_label,topic_0016.json,16,Politics,9,0.256,20,"{'Nature': 5, 'Politics': 10, 'Disaster': 4, 'Waste': 8, 'Electricity': 2, 'Water': 3, 'Agriculture': 4, 'Renewable': 2, 'Technology': 1}",10,0,5,4,2,0,0,0,2,8,4,0,0,1,0,0,0,0,0,0,0,0,0,0,0,0,0,0,0,0,0,0,0,3,0,0,0,0,0,0,0,0,0,0,0,0,0,0,0,0,0,0,0,0,0,0,0,0,0,0,0,0,0,0,0,0,0,0,0,0,0,0,0,0,0,0,0,0,0,0,0,0,0,0,0,0,0,0
multi_label,topic_0017.json,17,Weather,8,0.441,20,"{'Nature': 5, 'Weather': 15, 'Renewable': 3, 'Politics': 2, 'Disaster': 4, 'Fossil': 3, 'Activism': 1, 'Agriculture': 1}",2,1,5,4,3,3,0,0,0,0,1,15,0,0,0,0,0,0,0,0,0,0,0,0,0,0,0,0,0,0,0,0,0,0,0,0,0,0,0,0,0,0,0,0,0,0,0,0,0,0,0,0,0,0,0,0,0,0,0,0,0,0,0,0,0,0,0,0,0,0,0,0,0,0,0,0,0,0,0,0,0,0,0,0,0,0,0,0
multi_label,topic_0018.json,18,Renewable,7,0.462,20,"{'Politics': 11, 'Renewable': 18, 'Construction': 1, 'Nature': 4, 'Fossil': 2, 'Activism': 1, 'Electricity': 2}",11,1,4,0,18,2,0,0,2,0,0,0,0,0,0,1,0,0,0,0,0,0,0,0,0,0,0,0,0,0,0,0,0,0,0,0,0,0,0,0,0,0,0,0,0,0,0,0,0,0,0,0,0,0,0,0,0,0,0,0,0,0,0,0,0,0,0,0,0,0,0,0,0,0,0,0,0,0,0,0,0,0,0,0,0,0,0,0
multi_label,topic_0019.json,19,Activism,12,0.256,20,"{'Renewable': 2, 'Disaster': 1, 'Nature': 6, 'Activism': 10, 'Politics': 4, 'Lifestyle': 7, 'Waste': 2, 'Transportation': 1, 'Weather': 3, 'Event': 1, 'Agriculture': 1, 'Nuclear': 1}",4,10,6,1,2,0,7,1,0,2,1,3,1,0,0,0,0,0,0,0,0,0,0,0,0,0,0,0,0,0,0,0,0,0,0,0,0,0,0,0,0,0,0,1,0,0,0,0,0,0,0,0,0,0,0,0,0,0,0,0,0,0,0,0,0,0,0,0,0,0,0,0,0,0,0,0,0,0,0,0,0,0,0,0,0,0,0,0
multi_label,topic_0020.json,20,Fossil,9,0.444,20,"{'Fossil': 16, 'Transportation': 5, 'Agriculture': 2, 'Politics': 6, 'Weather': 2, 'Disaster': 1, 'Electricity': 1, 'Renewable': 2, 'Technology': 1}",6,0,0,1,2,16,0,0,1,0,2,2,5,1,0,0,0,0,0,0,0,0,0,0,0,0,0,0,0,0,0,0,0,0,0,0,0,0,0,0,0,0,0,0,0,0,0,0,0,0,0,0,0,0,0,0,0,0,0,0,0,0,0,0,0,0,0,0,0,0,0,0,0,0,0,0,0,0,0,0,0,0,0,0,0,0,0,0
multi_label,topic_0021.json,21,Politics,10,0.333,20,"{'Transportation': 1, 'Lifestyle': 7, 'Waste': 6, 'Politics': 13, 'Weather': 5, 'Pollution': 1, 'Environment': 3, 'Legislation': 1, 'Disaster': 1, 'Activism': 1}",13,1,0,1,0,0,7,0,0,6,0,5,1,0,0,0,0,0,0,3,0,0,0,0,0,0,0,0,0,0,0,0,0,0,0,0,0,0,0,0,0,0,0,0,1,1,0,0,0,0,0,0,0,0,0,0,0,0,0,0,0,0,0,0,0,0,0,0,0,0,0,0,0,0,0,0,0,0,0,0,0,0,0,0,0,0,0,0
multi_label,topic_0022.json,22,Disaster,12,0.318,20,"{'Nature': 3, 'Disaster': 14, 'Activism': 6, 'Construction': 3, 'Weather': 3, 'Waste': 3, 'Lifestyle': 4, 'Renewable': 3, 'Fossil': 1, 'Climate': 1, 'Politics': 1, 'Agriculture': 2}",1,6,3,14,3,1,4,0,0,3,2,3,0,0,0,3,0,0,0,0,0,0,0,0,0,0,0,0,0,0,0,0,0,0,0,0,0,0,1,0,0,0,0,0,0,0,0,0,0,0,0,0,0,0,0,0,0,0,0,0,0,0,0,0,0,0,0,0,0,0,0,0,0,0,0,0,0,0,0,0,0,0,0,0,0,0,0,0
multi_label,topic_0023.json,23,Nature,11,0.432,20,"{'Disaster': 4, 'Politics': 2, 'Nature': 16, 'Climate': 3, 'Renewable': 1, 'ClimateAction': 1, 'Activism': 3, 'Agriculture': 3, 'Weather': 2, 'Climate Action': 1, 'Biodiversity': 1}",2,3,16,4,1,0,0,0,0,0,3,2,0,0,0,0,0,0,0,0,0,0,0,0,0,0,0,0,0,0,0,0,0,0,0,0,0,0,3,0,0,0,0,0,0,0,1,1,1,0,0,0,0,0,0,0,0,0,0,0,0,0,0,0,0,0,0,0,0,0,0,0,0,0,0,0,0,0,0,0,0,0,0,0,0,0,0,0
multi_label,topic_0024.json,24,Construction,11,0.366,20,"{'Activism': 1, 'Construction': 15, 'Politics': 7, 'Renewable': 5, 'Waste': 1, 'Disaster': 2, 'Climate Resilience': 1, 'Lifestyle': 5, 'Nature': 2, 'Transportation': 1, 'Climate Crisis': 1}",7,1,2,2,5,0,5,0,0,1,0,0,1,0,0,15,0,0,0,0,0,0,0,0,0,0,0,0,0,0,0,0,0,0,0,0,0,0,0,0,0,0,0,0,0,0,0,0,0,1,1,0,0,0,0,0,0,0,0,0,0,0,0,0,0,0,0,0,0,0,0,0,0,0,0,0,0,0,0,0,0,0,0,0,0,0,0,0
multi_label,topic_0025.json,25,Renewable,8,0.395,20,"{'Renewable': 15, 'Agriculture': 2, 'Fossil': 4, 'Nature': 2, 'Transportation': 6, 'Electricity': 5, 'Politics': 3, 'Technology': 1}",3,0,2,0,15,4,0,0,5,0,2,0,6,1,0,0,0,0,0,0,0,0,0,0,0,0,0,0,0,0,0,0,0,0,0,0,0,0,0,0,0,0,0,0,0,0,0,0,0,0,0,0,0,0,0,0,0,0,0,0,0,0,0,0,0,0,0,0,0,0,0,0,0,0,0,0,0,0,0,0,0,0,0,0,0,0,0,0
multi_label,topic_0026.json,26,Politics,6,0.389,20,"{'Activism': 6, 'Politics': 14, 'Waste': 3, 'Nature': 6, 'Agriculture': 1, 'Lifestyle': 6}",14,6,6,0,0,0,6,0,0,3,1,0,0,0,0,0,0,0,0,0,0,0,0,0,0,0,0,0,0,0,0,0,0,0,0,0,0,0,0,0,0,0,0,0,0,0,0,0,0,0,0,0,0,0,0,0,0,0,0,0,0,0,0,0,0,0,0,0,0,0,0,0,0,0,0,0,0,0,0,0,0,0,0,0,0,0,0,0
multi_label,topic_0027.json,27,Renewable,6,0.268,20,"{'Renewable': 11, 'Electricity': 4, 'Politics': 11, 'Waste': 5, 'Fossil': 9, 'Construction': 1}",11,0,0,0,11,9,0,0,4,5,0,0,0,0,0,1,0,0,0,0,0,0,0,0,0,0,0,0,0,0,0,0,0,0,0,0,0,0,0,0,0,0,0,0,0,0,0,0,0,0,0,0,0,0,0,0,0,0,0,0,0,0,0,0,0,0,0,0,0,0,0,0,0,0,0,0,0,0,0,0,0,0,0,0,0,0,0,0
multi_label,topic_0028.json,28,Politics,10,0.444,20,"{'Renewable': 8, 'Politics': 16, 'Lifestyle': 2, 'Waste': 3, 'Fossil': 2, '- Politics': 1, 'Economics': 1, 'Transportation': 1, 'Activism': 1, 'Technology': 1}",16,1,0,0,8,2,2,0,0,3,0,0,1,1,0,0,0,0,0,0,1,0,0,0,0,0,0,0,0,0,0,0,0,0,0,0,0,0,0,0,0,0,0,0,0,0,0,0,0,0,0,1,0,0,0,0,0,0,0,0,0,0,0,0,0,0,0,0,0,0,0,0,0,0,0,0,0,0,0,0,0,0,0,0,0,0,0,0
multi_label,topic_0029.json,29,Waste,9,0.382,20,"{'Waste': 13, 'Lifestyle': 11, 'No category.': 1, 'Weather': 2, 'Nature': 2, 'Climate': 1, 'Renewable': 2, 'Transportation': 1, 'Fossil': 1}",0,0,2,0,2,1,11,0,0,13,0,2,1,0,0,0,0,0,0,0,0,0,0,0,0,0,0,0,0,0,0,0,0,0,0,0,0,0,1,0,0,0,0,0,0,0,0,0,0,0,0,0,1,0,0,0,0,0,0,0,0,0,0,0,0,0,0,0,0,0,0,0,0,0,0,0,0,0,0,0,0,0,0,0,0,0,0,0
multi_label,topic_0030.json,30,Politics,10,0.353,20,"{'Politics': 12, 'Waste': 4, 'Transportation': 1, 'Lifestyle': 1, 'Nature': 4, 'Disaster': 2, 'Activism': 7, 'Weather': 1, 'Construction': 1, 'Environment': 1}",12,7,4,2,0,0,1,0,0,4,0,1,1,0,0,1,0,0,0,1,0,0,0,0,0,0,0,0,0,0,0,0,0,0,0,0,0,0,0,0,0,0,0,0,0,0,0,0,0,0,0,0,0,0,0,0,0,0,0,0,0,0,0,0,0,0,0,0,0,0,0,0,0,0,0,0,0,0,0,0,0,0,0,0,0,0,0,0
multi_label,topic_0031.json,31,Politics,9,0.371,20,"{'Politics': 13, 'Electricity': 1, 'Disaster': 3, 'Lifestyle': 3, 'Water': 3, 'Waste': 8, 'Activism': 1, 'Nature': 2, 'Transportation': 1}",13,1,2,3,0,0,3,0,1,8,0,0,1,0,0,0,0,0,0,0,0,0,0,0,0,0,0,0,0,0,0,0,0,3,0,0,0,0,0,0,0,0,0,0,0,0,0,0,0,0,0,0,0,0,0,0,0,0,0,0,0,0,0,0,0,0,0,0,0,0,0,0,0,0,0,0,0,0,0,0,0,0,0,0,0,0,0,0
multi_label,topic_0032.json,32,Nature,10,0.286,20,"{'Waste': 3, 'Disaster': 1, 'Politics': 7, 'Nature': 8, 'Lifestyle': 4, 'Agriculture': 1, 'Economics': 1, 'Weather': 1, 'Renewable': 1, 'Fossil': 1}",7,0,8,1,1,1,4,0,0,3,1,1,0,0,0,0,0,0,0,0,1,0,0,0,0,0,0,0,0,0,0,0,0,0,0,0,0,0,0,0,0,0,0,0,0,0,0,0,0,0,0,0,0,0,0,0,0,0,0,0,0,0,0,0,0,0,0,0,0,0,0,0,0,0,0,0,0,0,0,0,0,0,0,0,0,0,0,0
multi_label,topic_0033.json,33,Politics,7,0.459,20,"{'Politics': 17, 'Fossil': 10, 'Transportation': 1, 'Renewable': 3, 'Activism': 4, 'Waste': 1, 'Nature': 1}",17,4,1,0,3,10,0,0,0,1,0,0,1,0,0,0,0,0,0,0,0,0,0,0,0,0,0,0,0,0,0,0,0,0,0,0,0,0,0,0,0,0,0,0,0,0,0,0,0,0,0,0,0,0,0,0,0,0,0,0,0,0,0,0,0,0,0,0,0,0,0,0,0,0,0,0,0,0,0,0,0,0,0,0,0,0,0,0
multi_label,topic_0034.json,34,Politics,7,0.366,20,"{'Politics': 15, 'Construction': 1, 'Activism': 5, 'Fossil': 14, 'Renewable': 3, 'Electricity': 2, 'Disaster': 1}",15,5,0,1,3,14,0,0,2,0,0,0,0,0,0,1,0,0,0,0,0,0,0,0,0,0,0,0,0,0,0,0,0,0,0,0,0,0,0,0,0,0,0,0,0,0,0,0,0,0,0,0,0,0,0,0,0,0,0,0,0,0,0,0,0,0,0,0,0,0,0,0,0,0,0,0,0,0,0,0,0,0,0,0,0,0,0,0
multi_label,topic_0035.json,35,Waste,9,0.324,20,"{'Politics': 8, 'Waste': 11, 'Activism': 2, 'Nature': 5, 'Agriculture': 1, 'Fossil': 3, 'Disaster': 2, 'Pollution': 1, 'Construction': 1}",8,2,5,2,0,3,0,0,0,11,1,0,0,0,0,1,0,0,0,0,0,0,0,0,0,0,0,0,0,0,0,0,0,0,0,0,0,0,0,0,0,0,0,0,1,0,0,0,0,0,0,0,0,0,0,0,0,0,0,0,0,0,0,0,0,0,0,0,0,0,0,0,0,0,0,0,0,0,0,0,0,0,0,0,0,0,0,0
multi_label,topic_0036.json,36,Renewable,5,0.409,20,"{'Renewable': 18, 'Electricity': 8, 'Politics': 14, 'Fossil': 3, 'Agriculture': 1}",14,0,0,0,18,3,0,0,8,0,1,0,0,0,0,0,0,0,0,0,0,0,0,0,0,0,0,0,0,0,0,0,0,0,0,0,0,0,0,0,0,0,0,0,0,0,0,0,0,0,0,0,0,0,0,0,0,0,0,0,0,0,0,0,0,0,0,0,0,0,0,0,0,0,0,0,0,0,0,0,0,0,0,0,0,0,0,0
multi_label,topic_0037.json,37,Politics,6,0.433,20,"{'Nature': 4, 'Politics': 13, 'Activism': 8, 'Climate': 2, 'Lifestyle': 2, 'No category.': 1}",13,8,4,0,0,0,2,0,0,0,0,0,0,0,0,0,0,0,0,0,0,0,0,0,0,0,0,0,0,0,0,0,0,0,0,0,0,0,2,0,0,0,0,0,0,0,0,0,0,0,0,0,1,0,0,0,0,0,0,0,0,0,0,0,0,0,0,0,0,0,0,0,0,0,0,0,0,0,0,0,0,0,0,0,0,0,0,0
multi_label,topic_0038.json,38,Politics,11,0.265,20,"{'Weather': 8, 'Construction': 2, 'Lifestyle': 4, 'Politics': 9, 'Climate': 3, '- Nature': 1, 'Transportation': 1, 'Nature': 2, 'Renewable': 1, 'Fossil': 1, 'Activism': 2}",9,2,2,0,1,1,4,0,0,0,0,8,1,0,0,2,0,0,0,0,0,0,0,0,0,0,0,0,0,0,0,0,0,0,0,0,0,0,3,0,0,0,0,0,0,0,0,0,0,0,0,0,0,1,0,0,0,0,0,0,0,0,0,0,0,0,0,0,0,0,0,0,0,0,0,0,0,0,0,0,0,0,0,0,0,0,0,0
multi_label,topic_0039.json,39,Waste,12,0.162,20,"{'N/A': 1, 'Lifestyle': 5, 'Waste': 6, 'Politics': 4, 'Renewable': 6, 'None': 1, 'Activism': 2, 'Nature': 5, 'Electricity': 2, 'Technology': 3, '- Technology': 1, 'Fossil': 1}",4,2,5,0,6,1,5,0,2,6,0,0,0,3,0,0,0,0,0,0,0,1,0,0,0,0,0,0,0,0,0,0,0,0,0,0,0,0,0,0,0,0,0,0,0,0,0,0,0,0,0,0,0,0,1,1,0,0,0,0,0,0,0,0,0,0,0,0,0,0,0,0,0,0,0,0,0,0,0,0,0,0,0,0,0,0,0,0
multi_label,topic_0040.json,40,Politics,6,0.436,20,"{'Activism': 2, 'Fossil': 2, 'Politics': 17, 'Disaster': 13, 'Weather': 4, 'Housing': 1}",17,2,0,13,0,2,0,0,0,0,0,4,0,0,0,0,0,0,0,0,0,0,0,0,0,0,0,0,0,0,0,0,0,0,0,0,0,0,0,0,0,0,0,0,0,0,0,0,0,0,0,0,0,0,0,0,1,0,0,0,0,0,0,0,0,0,0,0,0,0,0,0,0,0,0,0,0,0,0,0,0,0,0,0,0,0,0,0
multi_label,topic_0041.json,41,Activism,6,0.486,20,"{'Activism': 18, 'Politics': 12, 'Fossil': 3, 'Disaster': 1, 'Waste': 1, 'Lifestyle': 2}",12,18,0,1,0,3,2,0,0,1,0,0,0,0,0,0,0,0,0,0,0,0,0,0,0,0,0,0,0,0,0,0,0,0,0,0,0,0,0,0,0,0,0,0,0,0,0,0,0,0,0,0,0,0,0,0,0,0,0,0,0,0,0,0,0,0,0,0,0,0,0,0,0,0,0,0,0,0,0,0,0,0,0,0,0,0,0,0
multi_label,topic_0042.json,42,Nature,6,0.8,20,"{'Nature': 20, 'Renewable': 1, 'Weather': 1, 'Climate': 1, 'Science': 1, 'Climate Science': 1}",0,0,20,0,1,0,0,0,0,0,0,1,0,0,0,0,0,0,0,0,0,0,0,0,0,0,0,0,0,0,0,0,0,0,0,0,0,0,1,0,0,0,0,0,0,0,0,0,0,0,0,0,0,0,0,0,0,1,1,0,0,0,0,0,0,0,0,0,0,0,0,0,0,0,0,0,0,0,0,0,0,0,0,0,0,0,0,0
multi_label,topic_0043.json,43,Politics,6,0.436,20,"{'Activism': 13, 'Politics': 17, 'Disaster': 3, 'Nature': 3, 'Lifestyle': 1, 'Climate': 2}",17,13,3,3,0,0,1,0,0,0,0,0,0,0,0,0,0,0,0,0,0,0,0,0,0,0,0,0,0,0,0,0,0,0,0,0,0,0,2,0,0,0,0,0,0,0,0,0,0,0,0,0,0,0,0,0,0,0,0,0,0,0,0,0,0,0,0,0,0,0,0,0,0,0,0,0,0,0,0,0,0,0,0,0,0,0,0,0
multi_label,topic_0044.json,44,Politics,6,0.588,20,"{'Politics': 20, 'Activism': 7, 'Climate': 2, 'Nature': 1, 'Research': 3, 'Science': 1}",20,7,1,0,0,0,0,0,0,0,0,0,0,0,0,0,0,0,0,0,0,0,0,0,0,0,0,0,0,0,0,0,0,0,0,0,0,0,2,0,0,0,0,0,0,0,0,0,0,0,0,0,0,0,0,0,0,1,0,3,0,0,0,0,0,0,0,0,0,0,0,0,0,0,0,0,0,0,0,0,0,0,0,0,0,0,0,0
multi_label,topic_0045.json,45,Renewable,9,0.5,20,"{'Renewable': 20, 'Electricity': 8, 'Politics': 1, 'Fossil': 2, 'Energy': 4, 'Construction': 2, 'Disaster': 1, 'Nature': 1, 'Education': 1}",1,0,1,1,20,2,0,0,8,0,0,0,0,0,0,2,0,0,0,0,0,0,0,0,0,0,0,0,0,0,0,0,0,0,0,0,0,0,0,1,4,0,0,0,0,0,0,0,0,0,0,0,0,0,0,0,0,0,0,0,0,0,0,0,0,0,0,0,0,0,0,0,0,0,0,0,0,0,0,0,0,0,0,0,0,0,0,0
multi_label,topic_0046.json,46,Renewable,10,0.378,20,"{'Politics': 4, 'Renewable': 14, 'Electricity': 2, 'Construction': 1, 'Activism': 8, 'Transportation': 1, 'Nature': 2, 'Waste': 2, 'Business': 1, 'Lifestyle': 2}",4,8,2,0,14,0,2,0,2,2,0,0,1,0,0,1,0,0,0,0,0,0,0,0,0,0,0,0,0,0,0,0,0,0,0,0,0,0,0,0,0,0,0,0,0,0,0,0,0,0,0,0,0,0,0,0,0,0,0,0,1,0,0,0,0,0,0,0,0,0,0,0,0,0,0,0,0,0,0,0,0,0,0,0,0,0,0,0
multi_label,topic_0047.json,47,Nature,9,0.448,20,"{'Renewable': 1, 'Transportation': 1, 'Nature': 13, 'Art': 1, 'Waste': 3, 'Construction': 1, 'Weather': 2, 'Lifestyle': 6, '- Electricity': 1}",0,0,13,0,1,0,6,0,0,3,0,2,1,0,0,1,0,0,0,0,0,0,0,0,0,0,0,0,0,0,0,0,0,0,0,0,0,0,0,0,0,0,0,0,0,0,0,0,0,0,0,0,0,0,0,0,0,0,0,0,0,1,1,0,0,0,0,0,0,0,0,0,0,0,0,0,0,0,0,0,0,0,0,0,0,0,0,0
multi_label,topic_0048.json,48,Politics,7,0.613,20,"{'Disaster': 2, 'Politics': 19, 'Fossil': 1, 'Climate': 2, 'Activism': 5, 'Waste': 1, 'Nature': 1}",19,5,1,2,0,1,0,0,0,1,0,0,0,0,0,0,0,0,0,0,0,0,0,0,0,0,0,0,0,0,0,0,0,0,0,0,0,0,2,0,0,0,0,0,0,0,0,0,0,0,0,0,0,0,0,0,0,0,0,0,0,0,0,0,0,0,0,0,0,0,0,0,0,0,0,0,0,0,0,0,0,0,0,0,0,0,0,0
multi_label,topic_1000.json,1000,Renewable,8,0.405,20,"{'Renewable': 17, 'Politics': 9, 'Weather': 1, 'Electricity': 5, 'Fossil': 6, 'Waste': 1, 'Transportation': 2, 'Construction': 1}",9,0,0,0,17,6,0,0,5,1,0,1,2,0,0,1,0,0,0,0,0,0,0,0,0,0,0,0,0,0,0,0,0,0,0,0,0,0,0,0,0,0,0,0,0,0,0,0,0,0,0,0,0,0,0,0,0,0,0,0,0,0,0,0,0,0,0,0,0,0,0,0,0,0,0,0,0,0,0,0,0,0,0,0,0,0,0,0
multi_label,topic_1001.json,1001,Politics,10,0.39,20,"{'Activism': 9, 'Politics': 16, 'Nature': 2, 'Disaster': 3, 'Fossil': 4, 'Renewable': 3, 'ClimateAction': 1, 'SustainableInvesting': 1, 'Lifestyle': 1, 'Weather': 1}",16,9,2,3,3,4,1,0,0,0,0,1,0,0,0,0,0,0,0,0,0,0,0,0,0,0,0,0,0,0,0,0,0,0,0,0,0,0,0,0,0,0,0,0,0,0,1,0,0,0,0,0,0,0,0,0,0,0,0,0,0,0,0,1,0,0,0,0,0,0,0,0,0,0,0,0,0,0,0,0,0,0,0,0,0,0,0,0
multi_label,topic_1002.json,1002,Weather,13,0.412,20,"{'Weather': 14, 'Disaster': 6, 'ClimateCrisis': 1, 'SeismicActivity': 1, 'Fossil': 1, 'Politics': 2, 'Renewable': 3, 'Electricity': 1, 'Agriculture': 1, 'Technology': 1, 'Data': 1, 'Climate Change': 1, 'Nature': 1}",2,0,1,6,3,1,0,0,1,0,1,14,0,1,0,0,0,0,0,0,0,0,0,0,0,0,0,0,0,0,0,0,0,0,0,0,0,0,0,0,0,0,0,0,0,0,0,0,0,0,0,0,0,0,0,0,0,0,0,0,0,0,0,0,1,1,1,1,0,0,0,0,0,0,0,0,0,0,0,0,0,0,0,0,0,0,0,0
multi_label,topic_1003.json,1003,Activism,10,0.375,20,"{'Renewable': 4, 'Education': 1, 'Activism': 15, 'Fossil': 1, 'Lifestyle': 3, 'Career': 1, 'Politics': 11, 'Nature': 2, 'Transportation': 1, 'Agriculture': 1}",11,15,2,0,4,1,3,0,0,0,1,0,1,0,0,0,0,0,0,0,0,0,0,0,0,0,0,0,0,0,0,0,0,0,0,0,0,0,0,1,0,0,0,0,0,0,0,0,0,0,0,0,0,0,0,0,0,0,0,0,0,0,0,0,0,0,0,0,1,0,0,0,0,0,0,0,0,0,0,0,0,0,0,0,0,0,0,0
multi_label,topic_1004.json,1004,Politics,11,0.436,20,"{'Politics': 17, 'Climate Action': 1, 'Waste': 8, 'Activism': 3, 'Disaster': 2, 'Fossil': 3, 'Pollution': 1, 'Lifestyle': 1, 'Water': 1, 'Nature': 1, 'Environment': 1}",17,3,1,2,0,3,1,0,0,8,0,0,0,0,0,0,0,0,0,1,0,0,0,0,0,0,0,0,0,0,0,0,0,1,0,0,0,0,0,0,0,0,0,0,1,0,0,1,0,0,0,0,0,0,0,0,0,0,0,0,0,0,0,0,0,0,0,0,0,0,0,0,0,0,0,0,0,0,0,0,0,0,0,0,0,0,0,0
multi_label,topic_1005.json,1005,Politics,9,0.432,20,"{'Politics': 16, 'Renewable': 8, 'Waste': 1, 'Activism': 3, 'Agriculture': 3, 'Nature': 2, 'Fossil': 2, 'Lifestyle': 1, 'Transportation': 1}",16,3,2,0,8,2,1,0,0,1,3,0,1,0,0,0,0,0,0,0,0,0,0,0,0,0,0,0,0,0,0,0,0,0,0,0,0,0,0,0,0,0,0,0,0,0,0,0,0,0,0,0,0,0,0,0,0,0,0,0,0,0,0,0,0,0,0,0,0,0,0,0,0,0,0,0,0,0,0,0,0,0,0,0,0,0,0,0
multi_label,topic_1006.json,1006,Politics,6,0.459,20,"{'Activism': 2, 'Fossil': 8, 'Politics': 17, 'Renewable': 8, 'Transportation': 1, 'Weather': 1}",17,2,0,0,8,8,0,0,0,0,0,1,1,0,0,0,0,0,0,0,0,0,0,0,0,0,0,0,0,0,0,0,0,0,0,0,0,0,0,0,0,0,0,0,0,0,0,0,0,0,0,0,0,0,0,0,0,0,0,0,0,0,0,0,0,0,0,0,0,0,0,0,0,0,0,0,0,0,0,0,0,0,0,0,0,0,0,0
multi_label,topic_1007.json,1007,Politics,9,0.421,20,"{'Politics': 16, 'Fossil': 1, 'Activism': 10, 'Nature': 3, 'Environment': 1, 'Waste': 4, 'Weather': 1, 'Lifestyle': 1, 'Renewable': 1}",16,10,3,0,1,1,1,0,0,4,0,1,0,0,0,0,0,0,0,1,0,0,0,0,0,0,0,0,0,0,0,0,0,0,0,0,0,0,0,0,0,0,0,0,0,0,0,0,0,0,0,0,0,0,0,0,0,0,0,0,0,0,0,0,0,0,0,0,0,0,0,0,0,0,0,0,0,0,0,0,0,0,0,0,0,0,0,0
multi_label,topic_1008.json,1008,Politics,10,0.381,20,"{'Politics': 16, 'Environment': 1, 'Activism': 7, 'Renewable': 6, 'Electricity': 7, 'Climate': 1, 'Fossil': 1, 'Construction': 1, 'Transportation': 1, 'Disaster': 1}",16,7,0,1,6,1,0,0,7,0,0,0,1,0,0,1,0,0,0,1,0,0,0,0,0,0,0,0,0,0,0,0,0,0,0,0,0,0,1,0,0,0,0,0,0,0,0,0,0,0,0,0,0,0,0,0,0,0,0,0,0,0,0,0,0,0,0,0,0,0,0,0,0,0,0,0,0,0,0,0,0,0,0,0,0,0,0,0
multi_label,topic_1009.json,1009,Politics,10,0.462,20,"{'Politics': 18, 'Waste': 1, 'Disaster': 1, 'Renewable': 8, 'Activism': 2, 'Construction': 2, 'Electricity': 4, 'Weather': 1, 'Business': 1, 'Transportation': 1}",18,2,0,1,8,0,0,0,4,1,0,1,1,0,0,2,0,0,0,0,0,0,0,0,0,0,0,0,0,0,0,0,0,0,0,0,0,0,0,0,0,0,0,0,0,0,0,0,0,0,0,0,0,0,0,0,0,0,0,0,1,0,0,0,0,0,0,0,0,0,0,0,0,0,0,0,0,0,0,0,0,0,0,0,0,0,0,0
multi_label,topic_1010.json,1010,Lifestyle,13,0.2,20,"{'Disaster': 3, 'Lifestyle': 8, 'Politics': 5, 'Fossil': 2, 'Weather': 7, 'Transportation': 3, 'No category.': 1, 'Waste': 5, 'Renewable': 2, 'Environment': 1, 'Nature': 1, 'Pollution': 1, 'Construction': 1}",5,0,1,3,2,2,8,0,0,5,0,7,3,0,0,1,0,0,0,1,0,0,0,0,0,0,0,0,0,0,0,0,0,0,0,0,0,0,0,0,0,0,0,0,1,0,0,0,0,0,0,0,1,0,0,0,0,0,0,0,0,0,0,0,0,0,0,0,0,0,0,0,0,0,0,0,0,0,0,0,0,0,0,0,0,0,0,0
multi_label,topic_1011.json,1011,Nature,10,0.4,20,"{'Nature': 10, 'This text does not fit any of the provided categories.': 1, 'Lifestyle': 3, 'Activism': 3, 'Renewable': 3, 'No relevant category.': 1, 'N/A': 1, '- Nature': 1, 'No category.': 1, 'Technology': 1}",0,3,10,0,3,0,3,0,0,0,0,0,0,1,0,0,0,0,0,0,0,1,0,0,0,0,0,0,0,0,0,0,0,0,0,0,0,0,0,0,0,0,0,0,0,0,0,0,0,0,0,0,1,1,0,0,0,0,0,0,0,0,0,0,0,0,0,0,0,1,1,0,0,0,0,0,0,0,0,0,0,0,0,0,0,0,0,0
multi_label,topic_1012.json,1012,Politics,12,0.275,20,"{'Politics': 11, 'Activism': 7, 'Nature': 5, 'Agriculture': 6, 'Renewable': 3, 'Lifestyle': 1, 'Weather': 1, 'Environment': 2, 'Disaster': 1, 'Waste': 1, 'Fossil': 1, 'Climate': 1}",11,7,5,1,3,1,1,0,0,1,6,1,0,0,0,0,0,0,0,2,0,0,0,0,0,0,0,0,0,0,0,0,0,0,0,0,0,0,1,0,0,0,0,0,0,0,0,0,0,0,0,0,0,0,0,0,0,0,0,0,0,0,0,0,0,0,0,0,0,0,0,0,0,0,0,0,0,0,0,0,0,0,0,0,0,0,0,0
multi_label,topic_1013.json,1013,Politics,11,0.27,20,"{'Renewable': 8, 'Lifestyle': 4, 'Politics': 10, 'Fossil': 3, 'Weather': 2, 'Economy': 1, 'Nature': 2, 'None': 1, 'Activism': 4, 'Electricity': 1, 'Waste': 1}",10,4,2,0,8,3,4,0,1,1,0,2,0,0,0,0,0,0,0,0,0,0,0,0,0,0,0,0,0,0,0,0,0,0,0,1,0,0,0,0,0,0,0,0,0,0,0,0,0,0,0,0,0,0,1,0,0,0,0,0,0,0,0,0,0,0,0,0,0,0,0,0,0,0,0,0,0,0,0,0,0,0,0,0,0,0,0,0
multi_label,topic_1014.json,1014,Politics,12,0.462,20,"{'Politics': 18, 'Climate': 3, 'Fossil': 4, 'Nature': 4, 'Activism': 2, 'Climate Denial': 1, 'Renewable': 2, 'Transportation': 1, 'Electricity': 1, 'Weather': 1, 'Agriculture': 1, 'Disaster': 1}",18,2,4,1,2,4,0,0,1,0,1,1,1,0,0,0,0,0,0,0,0,0,0,0,0,0,0,0,0,0,0,0,0,0,0,0,0,0,3,0,0,0,0,0,0,0,0,0,0,0,0,0,0,0,0,0,0,0,0,0,0,0,0,0,0,0,0,0,0,0,0,1,0,0,0,0,0,0,0,0,0,0,0,0,0,0,0,0
multi_label,topic_1015.json,1015,Nature,11,0.256,20,"{'Nature': 10, 'Agriculture': 2, 'Waste': 6, 'Activism': 9, 'Transportation': 1, 'Renewable': 3, 'Weather': 2, 'Disaster': 1, 'Politics': 3, 'Lifestyle': 1, 'Electricity': 1}",3,9,10,1,3,0,1,0,1,6,2,2,1,0,0,0,0,0,0,0,0,0,0,0,0,0,0,0,0,0,0,0,0,0,0,0,0,0,0,0,0,0,0,0,0,0,0,0,0,0,0,0,0,0,0,0,0,0,0,0,0,0,0,0,0,0,0,0,0,0,0,0,0,0,0,0,0,0,0,0,0,0,0,0,0,0,0,0
multi_label,topic_1016.json,1016,Renewable,8,0.378,20,"{'Politics': 12, 'Renewable': 17, 'Fossil': 2, 'Transportation': 9, 'Agriculture': 1, 'Waste': 1, 'Electricity': 2, 'Jobs': 1}",12,0,0,0,17,2,0,0,2,1,1,0,9,0,0,0,0,0,0,0,0,0,0,0,0,0,0,0,0,0,0,0,0,0,0,0,0,0,0,0,0,0,0,0,0,0,0,0,0,0,0,0,0,0,0,0,0,0,0,0,0,0,0,0,0,0,0,0,0,0,0,0,1,0,0,0,0,0,0,0,0,0,0,0,0,0,0,0
multi_label,topic_1017.json,1017,Renewable,8,0.35,20,"{'Politics': 7, 'Activism': 5, 'Agriculture': 4, 'Renewable': 14, 'Fossil': 4, 'Electricity': 3, 'Nature': 1, 'Disaster': 2}",7,5,1,2,14,4,0,0,3,0,4,0,0,0,0,0,0,0,0,0,0,0,0,0,0,0,0,0,0,0,0,0,0,0,0,0,0,0,0,0,0,0,0,0,0,0,0,0,0,0,0,0,0,0,0,0,0,0,0,0,0,0,0,0,0,0,0,0,0,0,0,0,0,0,0,0,0,0,0,0,0,0,0,0,0,0,0,0
multi_label,topic_1018.json,1018,Nature,10,0.385,20,"{'Renewable': 2, 'Nature': 15, 'Agriculture': 9, 'Activism': 2, 'Lifestyle': 1, 'Waste': 2, 'Disaster': 1, 'Politics': 3, 'Weather': 3, 'Sustainability': 1}",3,2,15,1,2,0,1,0,0,2,9,3,0,0,0,0,0,0,0,0,0,0,0,0,0,0,0,0,0,0,0,0,0,0,0,0,0,0,0,0,0,0,0,0,0,0,0,0,0,0,0,0,0,0,0,0,0,0,0,0,0,0,0,0,0,0,0,0,0,0,0,0,0,1,0,0,0,0,0,0,0,0,0,0,0,0,0,0
multi_label,topic_1019.json,1019,Waste,10,0.448,20,"{'Waste': 13, 'Nature': 2, 'N/A': 1, 'Renewable': 2, 'Lifestyle': 6, 'No category applies.': 1, 'Technology': 1, 'Electricity': 1, 'Agriculture': 1, '- Waste': 1}",0,0,2,0,2,0,6,0,1,13,1,0,0,1,0,0,0,0,0,0,0,1,0,0,0,0,0,0,0,0,0,0,0,0,0,0,0,0,0,0,0,0,0,0,0,0,0,0,0,0,0,0,0,0,0,0,0,0,0,0,0,0,0,0,0,0,0,0,0,0,0,0,0,0,1,1,0,0,0,0,0,0,0,0,0,0,0,0
multi_label,topic_1020.json,1020,Fossil,9,0.4,20,"{'Agriculture': 1, 'Waste': 2, 'Politics': 11, 'Fossil': 16, 'Renewable': 3, 'Electricity': 1, 'Activism': 4, 'Disaster': 1, 'Environment': 1}",11,4,0,1,3,16,0,0,1,2,1,0,0,0,0,0,0,0,0,1,0,0,0,0,0,0,0,0,0,0,0,0,0,0,0,0,0,0,0,0,0,0,0,0,0,0,0,0,0,0,0,0,0,0,0,0,0,0,0,0,0,0,0,0,0,0,0,0,0,0,0,0,0,0,0,0,0,0,0,0,0,0,0,0,0,0,0,0
multi_label,topic_1021.json,1021,Politics,11,0.425,20,"{'Politics': 17, 'Weather': 4, 'Activism': 4, 'Disaster': 6, 'Water': 1, 'Waste': 2, 'Fossil': 2, 'Transportation': 1, 'Agriculture': 1, 'Climate': 1, 'Environment': 1}",17,4,0,6,0,2,0,0,0,2,1,4,1,0,0,0,0,0,0,1,0,0,0,0,0,0,0,0,0,0,0,0,0,1,0,0,0,0,1,0,0,0,0,0,0,0,0,0,0,0,0,0,0,0,0,0,0,0,0,0,0,0,0,0,0,0,0,0,0,0,0,0,0,0,0,0,0,0,0,0,0,0,0,0,0,0,0,0
multi_label,topic_1022.json,1022,Construction,9,0.25,20,"{'Construction': 9, 'Nature': 5, 'Renewable': 5, 'Waste': 6, 'Lifestyle': 7, '- Lifestyle': 1, 'N/A': 1, 'Fossil': 1, 'Politics': 1}",1,0,5,0,5,1,7,0,0,6,0,0,0,0,0,9,0,0,0,0,0,1,0,0,0,0,0,0,0,0,0,0,0,0,0,0,0,0,0,0,0,0,0,0,0,0,0,0,0,0,0,0,0,0,0,0,0,0,0,0,0,0,0,0,0,0,0,0,0,0,0,0,0,0,0,0,1,0,0,0,0,0,0,0,0,0,0,0
multi_label,topic_1023.json,1023,Politics,12,0.412,20,"{'Politics': 14, 'Weather': 1, 'Fossil': 2, 'Activism': 5, '- Health': 1, 'Air Quality': 1, 'Renewable': 4, 'Disaster': 2, 'Agriculture': 1, 'Waste': 1, 'Transportation': 1, 'Nature': 1}",14,5,1,2,4,2,0,0,0,1,1,1,1,0,0,0,0,0,1,0,0,0,0,0,0,0,0,0,0,0,0,0,0,0,0,0,0,0,0,0,0,0,0,0,0,0,0,0,0,0,0,0,0,0,0,0,0,0,0,0,0,0,0,0,0,0,0,0,0,0,0,0,0,0,0,0,0,1,0,0,0,0,0,0,0,0,0,0
multi_label,topic_1024.json,1024,Renewable,10,0.2,20,"{'Lifestyle': 7, 'Weather': 3, 'Electricity': 5, 'Construction': 5, 'Renewable': 8, 'Transportation': 1, 'Waste': 7, 'Politics': 1, 'Activism': 2, 'Fossil': 1}",1,2,0,0,8,1,7,0,5,7,0,3,1,0,0,5,0,0,0,0,0,0,0,0,0,0,0,0,0,0,0,0,0,0,0,0,0,0,0,0,0,0,0,0,0,0,0,0,0,0,0,0,0,0,0,0,0,0,0,0,0,0,0,0,0,0,0,0,0,0,0,0,0,0,0,0,0,0,0,0,0,0,0,0,0,0,0,0
multi_label,topic_1025.json,1025,Renewable,12,0.244,20,"{'Politics': 5, 'Waste': 4, 'Renewable': 10, 'Fossil': 6, 'Electricity': 6, 'Disaster': 1, 'Lifestyle': 1, 'Weather': 1, 'Activism': 1, 'Nature': 1, 'Transportation': 4, 'Environment': 1}",5,1,1,1,10,6,1,0,6,4,0,1,4,0,0,0,0,0,0,1,0,0,0,0,0,0,0,0,0,0,0,0,0,0,0,0,0,0,0,0,0,0,0,0,0,0,0,0,0,0,0,0,0,0,0,0,0,0,0,0,0,0,0,0,0,0,0,0,0,0,0,0,0,0,0,0,0,0,0,0,0,0,0,0,0,0,0,0
multi_label,topic_1026.json,1026,Fossil,6,0.268,20,"{'Politics': 6, 'Environment': 1, 'Waste': 9, 'Fossil': 11, 'Renewable': 8, 'Activism': 6}",6,6,0,0,8,11,0,0,0,9,0,0,0,0,0,0,0,0,0,1,0,0,0,0,0,0,0,0,0,0,0,0,0,0,0,0,0,0,0,0,0,0,0,0,0,0,0,0,0,0,0,0,0,0,0,0,0,0,0,0,0,0,0,0,0,0,0,0,0,0,0,0,0,0,0,0,0,0,0,0,0,0,0,0,0,0,0,0
multi_label,topic_1027.json,1027,Transportation,9,0.447,20,"{'Transportation': 17, 'Waste': 3, 'Lifestyle': 6, 'Politics': 2, 'Fossil': 2, 'Renewable': 5, 'Electricity': 1, 'Construction': 1, 'Weather': 1}",2,0,0,0,5,2,6,0,1,3,0,1,17,0,0,1,0,0,0,0,0,0,0,0,0,0,0,0,0,0,0,0,0,0,0,0,0,0,0,0,0,0,0,0,0,0,0,0,0,0,0,0,0,0,0,0,0,0,0,0,0,0,0,0,0,0,0,0,0,0,0,0,0,0,0,0,0,0,0,0,0,0,0,0,0,0,0,0
multi_label,topic_1028.json,1028,Weather,5,0.645,20,"{'Weather': 20, 'Nature': 2, 'Disaster': 4, 'Waste': 4, 'Lifestyle': 1}",0,0,2,4,0,0,1,0,0,4,0,20,0,0,0,0,0,0,0,0,0,0,0,0,0,0,0,0,0,0,0,0,0,0,0,0,0,0,0,0,0,0,0,0,0,0,0,0,0,0,0,0,0,0,0,0,0,0,0,0,0,0,0,0,0,0,0,0,0,0,0,0,0,0,0,0,0,0,0,0,0,0,0,0,0,0,0,0
multi_label,topic_1029.json,1029,Nature,14,0.243,20,"{'Waste': 1, 'Agriculture': 7, 'Climate Disinformation': 1, 'Nature': 9, 'Climate Action': 2, 'Weather': 3, 'Fossil': 2, 'Lifestyle': 4, 'Climate Change': 2, 'Wildlife': 1, 'Disaster': 1, 'Politics': 2, 'Activism': 1, 'Electricity': 1}",2,1,9,1,0,2,4,0,1,1,7,3,0,0,0,0,0,0,0,0,0,0,0,0,0,0,0,0,0,0,0,0,0,0,0,0,0,0,0,0,0,0,0,0,0,0,0,2,0,0,0,0,0,0,0,0,0,0,0,0,0,0,0,0,0,0,0,2,0,0,0,0,0,0,0,0,0,0,1,1,0,0,0,0,0,0,0,0
multi_label,topic_1030.json,1030,Waste,12,0.297,20,"{'Disaster': 4, 'Politics': 3, 'Waste': 11, 'Activism': 2, 'Nature': 5, 'Climate': 1, 'EndangeredSpecies': 1, 'Lifestyle': 5, 'Fossil': 1, 'Weather': 2, 'Pollution': 1, 'Agriculture': 1}",3,2,5,4,0,1,5,0,0,11,1,2,0,0,0,0,0,0,0,0,0,0,0,0,0,0,0,0,0,0,0,0,0,0,0,0,0,0,1,0,0,0,0,0,1,0,0,0,0,0,0,0,0,0,0,0,0,0,0,0,0,0,0,0,0,0,0,0,0,0,0,0,0,0,0,0,0,0,0,0,1,0,0,0,0,0,0,0
multi_label,topic_1031.json,1031,Lifestyle,7,0.342,20,"{'Nature': 8, 'Weather': 11, 'Lifestyle': 13, 'Waste': 2, 'Disaster': 2, 'Agriculture': 1, 'Politics': 1}",1,0,8,2,0,0,13,0,0,2,1,11,0,0,0,0,0,0,0,0,0,0,0,0,0,0,0,0,0,0,0,0,0,0,0,0,0,0,0,0,0,0,0,0,0,0,0,0,0,0,0,0,0,0,0,0,0,0,0,0,0,0,0,0,0,0,0,0,0,0,0,0,0,0,0,0,0,0,0,0,0,0,0,0,0,0,0,0
multi_label,topic_1032.json,1032,Agriculture,7,0.381,20,"{'Agriculture': 16, 'Nature': 14, 'Activism': 4, 'Renewable': 2, 'Disaster': 3, 'Politics': 1, 'Waste': 2}",1,4,14,3,2,0,0,0,0,2,16,0,0,0,0,0,0,0,0,0,0,0,0,0,0,0,0,0,0,0,0,0,0,0,0,0,0,0,0,0,0,0,0,0,0,0,0,0,0,0,0,0,0,0,0,0,0,0,0,0,0,0,0,0,0,0,0,0,0,0,0,0,0,0,0,0,0,0,0,0,0,0,0,0,0,0,0,0
multi_label,topic_1033.json,1033,Renewable,8,0.325,20,"{'Renewable': 13, 'Waste': 8, 'Fossil': 2, 'Agriculture': 6, 'Politics': 4, 'Nature': 2, 'Transportation': 3, 'Activism': 2}",4,2,2,0,13,2,0,0,0,8,6,0,3,0,0,0,0,0,0,0,0,0,0,0,0,0,0,0,0,0,0,0,0,0,0,0,0,0,0,0,0,0,0,0,0,0,0,0,0,0,0,0,0,0,0,0,0,0,0,0,0,0,0,0,0,0,0,0,0,0,0,0,0,0,0,0,0,0,0,0,0,0,0,0,0,0,0,0
multi_label,topic_1034.json,1034,Politics,9,0.179,20,"{'Politics': 7, 'Environment': 1, 'Fossil': 2, 'Renewable': 6, 'Lifestyle': 3, 'Agriculture': 6, 'Waste': 6, 'Activism': 4, 'Nature': 4}",7,4,4,0,6,2,3,0,0,6,6,0,0,0,0,0,0,0,0,1,0,0,0,0,0,0,0,0,0,0,0,0,0,0,0,0,0,0,0,0,0,0,0,0,0,0,0,0,0,0,0,0,0,0,0,0,0,0,0,0,0,0,0,0,0,0,0,0,0,0,0,0,0,0,0,0,0,0,0,0,0,0,0,0,0,0,0,0
multi_label,topic_1035.json,1035,Activism,8,0.353,20,"{'- Activism': 1, 'Lifestyle': 7, 'Activism': 12, 'Politics': 9, 'Fossil': 1, 'Nature': 2, 'Disaster': 1, 'Weather': 1}",9,12,2,1,0,1,7,0,0,0,0,1,0,0,0,0,0,0,0,0,0,0,0,0,0,0,0,0,0,0,0,0,0,0,0,0,0,0,0,0,0,0,0,0,0,0,0,0,0,0,0,0,0,0,0,0,0,0,0,0,0,0,0,0,0,0,0,0,0,0,0,0,0,0,0,0,0,0,0,0,0,1,0,0,0,0,0,0
multi_label,topic_1036.json,1036,Politics,13,0.333,20,"{'Renewable': 6, 'Fossil': 2, 'Politics': 13, 'Agriculture': 3, 'Activism': 1, 'Disaster': 3, 'Waste': 1, 'Electricity': 2, 'Climate Aid': 1, 'Adaptation': 1, 'Nature': 4, 'Transportation': 1, 'Weather': 1}",13,1,4,3,6,2,0,0,2,1,3,1,1,0,0,0,0,0,0,0,0,0,0,0,0,0,0,0,0,0,0,0,0,0,0,0,0,0,0,0,0,0,0,0,0,0,0,0,0,0,0,0,0,0,0,0,0,0,0,0,0,0,0,0,0,0,0,0,0,0,0,0,0,0,0,0,0,0,0,0,0,0,1,1,0,0,0,0
multi_label,topic_1037.json,1037,Politics,7,0.621,20,"{'Renewable': 1, 'Politics': 18, 'Fossil': 1, 'Activism': 5, 'Disaster': 1, 'Nature': 1, 'Construction': 2}",18,5,1,1,1,1,0,0,0,0,0,0,0,0,0,2,0,0,0,0,0,0,0,0,0,0,0,0,0,0,0,0,0,0,0,0,0,0,0,0,0,0,0,0,0,0,0,0,0,0,0,0,0,0,0,0,0,0,0,0,0,0,0,0,0,0,0,0,0,0,0,0,0,0,0,0,0,0,0,0,0,0,0,0,0,0,0,0
multi_label,topic_1038.json,1038,Lifestyle,7,0.278,20,"{'Lifestyle': 10, 'Nature': 7, 'Disaster': 1, 'Activism': 7, 'Politics': 9, 'Climate': 1, 'Weather': 1}",9,7,7,1,0,0,10,0,0,0,0,1,0,0,0,0,0,0,0,0,0,0,0,0,0,0,0,0,0,0,0,0,0,0,0,0,0,0,1,0,0,0,0,0,0,0,0,0,0,0,0,0,0,0,0,0,0,0,0,0,0,0,0,0,0,0,0,0,0,0,0,0,0,0,0,0,0,0,0,0,0,0,0,0,0,0,0,0
multi_label,topic_1039.json,1039,Nature,10,0.343,20,"{'Activism': 7, 'Lifestyle': 5, 'Politics': 3, 'Nature': 12, 'Disaster': 2, 'Waste': 2, 'Art': 1, 'Climate': 1, 'Renewable': 1, 'Weather': 1}",3,7,12,2,1,0,5,0,0,2,0,1,0,0,0,0,0,0,0,0,0,0,0,0,0,0,0,0,0,0,0,0,0,0,0,0,0,0,1,0,0,0,0,0,0,0,0,0,0,0,0,0,0,0,0,0,0,0,0,0,0,1,0,0,0,0,0,0,0,0,0,0,0,0,0,0,0,0,0,0,0,0,0,0,0,0,0,0
multi_label,topic_1040.json,1040,Politics,9,0.395,20,"{'Fossil': 3, 'Politics': 15, 'Renewable': 13, 'Technology': 1, 'Lifestyle': 1, 'Agriculture': 2, 'Business': 1, 'Construction': 1, 'Nature': 1}",15,0,1,0,13,3,1,0,0,0,2,0,0,1,0,1,0,0,0,0,0,0,0,0,0,0,0,0,0,0,0,0,0,0,0,0,0,0,0,0,0,0,0,0,0,0,0,0,0,0,0,0,0,0,0,0,0,0,0,0,1,0,0,0,0,0,0,0,0,0,0,0,0,0,0,0,0,0,0,0,0,0,0,0,0,0,0,0
multi_label,topic_1041.json,1041,Politics,9,0.385,20,"{'Politics': 15, 'Disaster': 8, 'Activism': 10, 'Renewable': 1, 'Nuclear': 1, 'Waste': 1, 'Weather': 1, 'Climate': 1, 'Fossil': 1}",15,10,0,8,1,1,0,1,0,1,0,1,0,0,0,0,0,0,0,0,0,0,0,0,0,0,0,0,0,0,0,0,0,0,0,0,0,0,1,0,0,0,0,0,0,0,0,0,0,0,0,0,0,0,0,0,0,0,0,0,0,0,0,0,0,0,0,0,0,0,0,0,0,0,0,0,0,0,0,0,0,0,0,0,0,0,0,0
multi_label,topic_1042.json,1042,Politics,11,0.444,20,"{'Activism': 2, 'Lifestyle': 4, 'Politics': 12, 'Fossil': 1, 'This text does not fit any of the provided categories.': 1, 'Nature': 1, 'Economy': 1, 'N/A': 1, '- Nature': 1, 'Weather': 1, 'Renewable': 2}",12,2,1,0,2,1,4,0,0,0,0,1,0,0,0,0,0,0,0,0,0,1,0,0,0,0,0,0,0,0,0,0,0,0,0,1,0,0,0,0,0,0,0,0,0,0,0,0,0,0,0,0,0,1,0,0,0,0,0,0,0,0,0,0,0,0,0,0,0,1,0,0,0,0,0,0,0,0,0,0,0,0,0,0,0,0,0,0
multi_label,topic_1043.json,1043,Agriculture,12,0.41,20,"{'Agriculture': 16, 'Weather': 4, 'Nature': 3, 'Disaster': 6, 'Waste': 1, 'ClimateScience': 1, 'HealthRisks': 1, 'Climate Change': 1, 'Lifestyle': 3, 'Renewable': 1, 'Fossil': 1, 'Food': 1}",0,0,3,6,1,1,3,0,0,1,16,4,0,0,0,0,0,0,0,0,0,0,0,0,0,0,0,0,0,0,0,0,0,0,0,0,0,0,0,0,0,0,0,0,0,0,0,0,0,0,0,0,0,0,0,0,0,0,0,0,0,0,0,0,0,0,0,1,0,0,0,0,0,0,0,0,0,0,0,0,0,0,0,0,1,1,1,0
multi_label,topic_1044.json,1044,Politics,6,0.459,20,"{'Politics': 17, 'Renewable': 9, 'Weather': 2, 'Activism': 4, 'Nature': 3, 'Fossil': 2}",17,4,3,0,9,2,0,0,0,0,0,2,0,0,0,0,0,0,0,0,0,0,0,0,0,0,0,0,0,0,0,0,0,0,0,0,0,0,0,0,0,0,0,0,0,0,0,0,0,0,0,0,0,0,0,0,0,0,0,0,0,0,0,0,0,0,0,0,0,0,0,0,0,0,0,0,0,0,0,0,0,0,0,0,0,0,0,0
multi_label,topic_1045.json,1045,Nature,10,0.366,20,"{'Disaster': 1, 'Nature': 15, 'Waste': 4, 'Agriculture': 11, 'Weather': 1, '- Lifestyle': 1, 'Activism': 2, 'Renewable': 4, 'Politics': 1, 'Lifestyle': 1}",1,2,15,1,4,0,1,0,0,4,11,1,0,0,0,0,0,0,0,0,0,0,0,0,0,0,0,0,0,0,0,0,0,0,0,0,0,0,0,0,0,0,0,0,0,0,0,0,0,0,0,0,0,0,0,0,0,0,0,0,0,0,0,0,0,0,0,0,0,0,0,0,0,0,0,0,1,0,0,0,0,0,0,0,0,0,0,0
multi_label,topic_1046.json,1046,Nature,13,0.296,20,"{'Nature': 8, 'Renewable': 3, 'Lifestyle': 5, 'Activism': 1, 'This text does not fit any of the provided categories.': 1, 'Transportation': 1, '- Technology': 1, 'N/A': 1, '- Waste': 1, 'Agriculture': 1, 'Weather': 1, 'Waste': 2, '- Nature': 1}",0,1,8,0,3,0,5,0,0,2,1,1,1,0,0,0,0,0,0,0,0,1,0,0,0,0,0,0,0,0,0,0,0,0,0,0,0,0,0,0,0,0,0,0,0,0,0,0,0,0,0,0,0,1,0,1,0,0,0,0,0,0,0,0,0,0,0,0,0,1,0,0,0,0,0,1,0,0,0,0,0,0,0,0,0,0,0,0
multi_label,topic_1047.json,1047,Renewable,5,0.591,20,"{'Renewable': 13, 'Activism': 1, 'Nature': 5, 'Politics': 2, 'Lifestyle': 1}",2,1,5,0,13,0,1,0,0,0,0,0,0,0,0,0,0,0,0,0,0,0,0,0,0,0,0,0,0,0,0,0,0,0,0,0,0,0,0,0,0,0,0,0,0,0,0,0,0,0,0,0,0,0,0,0,0,0,0,0,0,0,0,0,0,0,0,0,0,0,0,0,0,0,0,0,0,0,0,0,0,0,0,0,0,0,0,0
multi_label,topic_1048.json,1048,Politics,7,0.6,20,"{'Politics': 18, 'Immigration': 4, 'Fossil': 1, 'Lifestyle': 3, 'Activism': 2, 'Education': 1, 'Renewable': 1}",18,2,0,0,1,1,3,0,0,0,0,0,0,0,0,0,0,0,0,0,0,0,0,0,0,0,0,0,0,0,0,0,0,0,0,0,0,0,0,1,0,0,0,0,0,0,0,0,0,0,0,0,0,0,0,0,0,0,0,0,0,0,0,0,0,0,0,0,0,0,0,0,0,0,0,0,0,0,0,0,0,0,0,0,0,0,0,4
single_label,topic_0000.json,0,Politics,4,0.75,20,"{'Politics': 15, 'Activism': 1, 'Nature': 1, 'Disaster': 3}",15,1,1,3,0,0,0,0,0,0,0,0,0,0,0,0,0,0,0,0,0,0,0,0,0,0,0,0,0,0,0,0,0,0,0,0,0,0,0,0,0,0,0,0,0,0,0,0,0,0,0,0,0,0,0,0,0,0,0,0,0,0,0,0,0,0,0,0,0,0,0,0,0,0,0,0,0,0,0,0,0,0,0,0,0,0,0,0
single_label,topic_0001.json,1,Politics,5,0.75,20,"{'Renewable': 2, 'Politics': 15, 'Disaster': 1, 'Fossil': 1, 'Lifestyle': 1}",15,0,0,1,2,1,1,0,0,0,0,0,0,0,0,0,0,0,0,0,0,0,0,0,0,0,0,0,0,0,0,0,0,0,0,0,0,0,0,0,0,0,0,0,0,0,0,0,0,0,0,0,0,0,0,0,0,0,0,0,0,0,0,0,0,0,0,0,0,0,0,0,0,0,0,0,0,0,0,0,0,0,0,0,0,0,0,0
single_label,topic_0002.json,2,Fossil,3,0.7,20,"{'Fossil': 14, 'Politics': 5, 'Nature': 1}",5,0,1,0,0,14,0,0,0,0,0,0,0,0,0,0,0,0,0,0,0,0,0,0,0,0,0,0,0,0,0,0,0,0,0,0,0,0,0,0,0,0,0,0,0,0,0,0,0,0,0,0,0,0,0,0,0,0,0,0,0,0,0,0,0,0,0,0,0,0,0,0,0,0,0,0,0,0,0,0,0,0,0,0,0,0,0,0
single_label,topic_0003.json,3,Renewable,8,0.3,20,"{'Lifestyle': 2, 'Nuclear': 1, 'Renewable': 6, 'Politics': 3, 'Electricity': 2, 'Activism': 4, 'Fossil': 1, 'Waste': 1}",3,4,0,0,6,1,2,1,2,1,0,0,0,0,0,0,0,0,0,0,0,0,0,0,0,0,0,0,0,0,0,0,0,0,0,0,0,0,0,0,0,0,0,0,0,0,0,0,0,0,0,0,0,0,0,0,0,0,0,0,0,0,0,0,0,0,0,0,0,0,0,0,0,0,0,0,0,0,0,0,0,0,0,0,0,0,0,0
single_label,topic_0004.json,4,Politics,5,0.8,20,"{'Politics': 16, 'Fossil': 1, 'Agriculture': 1, 'Weather': 1, 'Activism': 1}",16,1,0,0,0,1,0,0,0,0,1,1,0,0,0,0,0,0,0,0,0,0,0,0,0,0,0,0,0,0,0,0,0,0,0,0,0,0,0,0,0,0,0,0,0,0,0,0,0,0,0,0,0,0,0,0,0,0,0,0,0,0,0,0,0,0,0,0,0,0,0,0,0,0,0,0,0,0,0,0,0,0,0,0,0,0,0,0
single_label,topic_0005.json,5,Transportation,6,0.7,20,"{'Politics': 1, 'Transportation': 14, 'Renewable': 2, 'Disaster': 1, 'Waste': 1, 'Fossil': 1}",1,0,0,1,2,1,0,0,0,1,0,0,14,0,0,0,0,0,0,0,0,0,0,0,0,0,0,0,0,0,0,0,0,0,0,0,0,0,0,0,0,0,0,0,0,0,0,0,0,0,0,0,0,0,0,0,0,0,0,0,0,0,0,0,0,0,0,0,0,0,0,0,0,0,0,0,0,0,0,0,0,0,0,0,0,0,0,0
single_label,topic_0006.json,6,Fossil,6,0.4,20,"{'Renewable': 3, 'Fossil': 8, 'Politics': 5, 'Nuclear': 2, 'Electricity': 1, 'Activism': 1}",5,1,0,0,3,8,0,2,1,0,0,0,0,0,0,0,0,0,0,0,0,0,0,0,0,0,0,0,0,0,0,0,0,0,0,0,0,0,0,0,0,0,0,0,0,0,0,0,0,0,0,0,0,0,0,0,0,0,0,0,0,0,0,0,0,0,0,0,0,0,0,0,0,0,0,0,0,0,0,0,0,0,0,0,0,0,0,0
single_label,topic_0007.json,7,Activism,6,0.3,20,"{'Renewable': 3, 'Politics': 4, 'Activism': 6, 'Nature': 4, 'Lifestyle': 2, 'Waste': 1}",4,6,4,0,3,0,2,0,0,1,0,0,0,0,0,0,0,0,0,0,0,0,0,0,0,0,0,0,0,0,0,0,0,0,0,0,0,0,0,0,0,0,0,0,0,0,0,0,0,0,0,0,0,0,0,0,0,0,0,0,0,0,0,0,0,0,0,0,0,0,0,0,0,0,0,0,0,0,0,0,0,0,0,0,0,0,0,0
single_label,topic_0008.json,8,Renewable,3,0.9,20,"{'Renewable': 18, 'Nature': 1, 'Electricity': 1}",0,0,1,0,18,0,0,0,1,0,0,0,0,0,0,0,0,0,0,0,0,0,0,0,0,0,0,0,0,0,0,0,0,0,0,0,0,0,0,0,0,0,0,0,0,0,0,0,0,0,0,0,0,0,0,0,0,0,0,0,0,0,0,0,0,0,0,0,0,0,0,0,0,0,0,0,0,0,0,0,0,0,0,0,0,0,0,0
single_label,topic_0009.json,9,Waste,6,0.75,20,"{'Renewable': 1, 'Waste': 15, 'Technology': 1, 'Lifestyle': 1, 'Activism': 1, 'Disaster': 1}",0,1,0,1,1,0,1,0,0,15,0,0,0,1,0,0,0,0,0,0,0,0,0,0,0,0,0,0,0,0,0,0,0,0,0,0,0,0,0,0,0,0,0,0,0,0,0,0,0,0,0,0,0,0,0,0,0,0,0,0,0,0,0,0,0,0,0,0,0,0,0,0,0,0,0,0,0,0,0,0,0,0,0,0,0,0,0,0
single_label,topic_0010.json,10,Fossil,7,0.25,20,"{'Activism': 2, 'Fossil': 5, 'Politics': 2, 'Lifestyle': 2, 'Nature': 3, 'Renewable': 5, 'Agriculture': 1}",2,2,3,0,5,5,2,0,0,0,1,0,0,0,0,0,0,0,0,0,0,0,0,0,0,0,0,0,0,0,0,0,0,0,0,0,0,0,0,0,0,0,0,0,0,0,0,0,0,0,0,0,0,0,0,0,0,0,0,0,0,0,0,0,0,0,0,0,0,0,0,0,0,0,0,0,0,0,0,0,0,0,0,0,0,0,0,0
single_label,topic_0011.json,11,Politics,9,0.3,20,"{'Fossil': 2, 'Lifestyle': 3, 'Politics': 6, 'Nature': 1, 'Transportation': 3, 'Waste': 1, 'Disaster': 1, 'Renewable': 1, 'Activism': 2}",6,2,1,1,1,2,3,0,0,1,0,0,3,0,0,0,0,0,0,0,0,0,0,0,0,0,0,0,0,0,0,0,0,0,0,0,0,0,0,0,0,0,0,0,0,0,0,0,0,0,0,0,0,0,0,0,0,0,0,0,0,0,0,0,0,0,0,0,0,0,0,0,0,0,0,0,0,0,0,0,0,0,0,0,0,0,0,0
single_label,topic_0012.json,12,Agriculture,7,0.25,20,"{'Weather': 1, 'Agriculture': 5, 'Waste': 3, 'Politics': 3, 'Nature': 2, 'Lifestyle': 3, 'Activism': 3}",3,3,2,0,0,0,3,0,0,3,5,1,0,0,0,0,0,0,0,0,0,0,0,0,0,0,0,0,0,0,0,0,0,0,0,0,0,0,0,0,0,0,0,0,0,0,0,0,0,0,0,0,0,0,0,0,0,0,0,0,0,0,0,0,0,0,0,0,0,0,0,0,0,0,0,0,0,0,0,0,0,0,0,0,0,0,0,0
single_label,topic_0013.json,13,Politics,6,0.65,20,"{'Politics': 13, 'Fossil': 1, 'Renewable': 3, 'Waste': 1, 'Lifestyle': 1, 'Nature': 1}",13,0,1,0,3,1,1,0,0,1,0,0,0,0,0,0,0,0,0,0,0,0,0,0,0,0,0,0,0,0,0,0,0,0,0,0,0,0,0,0,0,0,0,0,0,0,0,0,0,0,0,0,0,0,0,0,0,0,0,0,0,0,0,0,0,0,0,0,0,0,0,0,0,0,0,0,0,0,0,0,0,0,0,0,0,0,0,0
single_label,topic_0014.json,14,Nature,5,0.55,20,"{'Nature': 11, 'Activism': 4, 'Politics': 3, 'Agriculture': 1, 'Disaster': 1}",3,4,11,1,0,0,0,0,0,0,1,0,0,0,0,0,0,0,0,0,0,0,0,0,0,0,0,0,0,0,0,0,0,0,0,0,0,0,0,0,0,0,0,0,0,0,0,0,0,0,0,0,0,0,0,0,0,0,0,0,0,0,0,0,0,0,0,0,0,0,0,0,0,0,0,0,0,0,0,0,0,0,0,0,0,0,0,0
single_label,topic_0015.json,15,Electricity,8,0.3,20,"{'Renewable': 4, 'Privacy': 1, 'Electricity': 6, 'Weather': 2, 'Construction': 4, 'Lifestyle': 1, 'Nature': 1, 'Waste': 1}",0,0,1,0,4,0,1,0,6,1,0,2,0,0,1,4,0,0,0,0,0,0,0,0,0,0,0,0,0,0,0,0,0,0,0,0,0,0,0,0,0,0,0,0,0,0,0,0,0,0,0,0,0,0,0,0,0,0,0,0,0,0,0,0,0,0,0,0,0,0,0,0,0,0,0,0,0,0,0,0,0,0,0,0,0,0,0,0
single_label,topic_0016.json,16,Politics,7,0.45,20,"{'Renewable': 4, 'Politics': 9, 'Waste': 2, 'Infrastructure': 1, 'Nature': 1, 'Electricity': 1, 'Disaster': 2}",9,0,1,2,4,0,0,0,1,2,0,0,0,0,0,0,1,0,0,0,0,0,0,0,0,0,0,0,0,0,0,0,0,0,0,0,0,0,0,0,0,0,0,0,0,0,0,0,0,0,0,0,0,0,0,0,0,0,0,0,0,0,0,0,0,0,0,0,0,0,0,0,0,0,0,0,0,0,0,0,0,0,0,0,0,0,0,0
single_label,topic_0017.json,17,Weather,5,0.5,20,"{'Nature': 6, 'Weather': 10, 'Politics': 1, 'Disaster': 2, 'Fossil': 1}",1,0,6,2,0,1,0,0,0,0,0,10,0,0,0,0,0,0,0,0,0,0,0,0,0,0,0,0,0,0,0,0,0,0,0,0,0,0,0,0,0,0,0,0,0,0,0,0,0,0,0,0,0,0,0,0,0,0,0,0,0,0,0,0,0,0,0,0,0,0,0,0,0,0,0,0,0,0,0,0,0,0,0,0,0,0,0,0
single_label,topic_0018.json,18,Renewable,5,0.6,20,"{'Politics': 5, 'Renewable': 12, 'Disaster': 1, 'Fossil': 1, 'Electricity': 1}",5,0,0,1,12,1,0,0,1,0,0,0,0,0,0,0,0,0,0,0,0,0,0,0,0,0,0,0,0,0,0,0,0,0,0,0,0,0,0,0,0,0,0,0,0,0,0,0,0,0,0,0,0,0,0,0,0,0,0,0,0,0,0,0,0,0,0,0,0,0,0,0,0,0,0,0,0,0,0,0,0,0,0,0,0,0,0,0
single_label,topic_0019.json,19,Activism,9,0.4,20,"{'Renewable': 3, 'Disaster': 1, 'Activism': 8, 'Waste': 1, 'Politics': 1, 'Weather': 1, 'Job Opportunities': 1, 'Nature': 3, 'Lifestyle': 1}",1,8,3,1,3,0,1,0,0,1,0,1,0,0,0,0,0,1,0,0,0,0,0,0,0,0,0,0,0,0,0,0,0,0,0,0,0,0,0,0,0,0,0,0,0,0,0,0,0,0,0,0,0,0,0,0,0,0,0,0,0,0,0,0,0,0,0,0,0,0,0,0,0,0,0,0,0,0,0,0,0,0,0,0,0,0,0,0
single_label,topic_0020.json,20,Fossil,6,0.5,20,"{'Fossil': 10, 'Politics': 5, 'Agriculture': 1, 'Transportation': 2, 'Disaster': 1, 'Renewable': 1}",5,0,0,1,1,10,0,0,0,0,1,0,2,0,0,0,0,0,0,0,0,0,0,0,0,0,0,0,0,0,0,0,0,0,0,0,0,0,0,0,0,0,0,0,0,0,0,0,0,0,0,0,0,0,0,0,0,0,0,0,0,0,0,0,0,0,0,0,0,0,0,0,0,0,0,0,0,0,0,0,0,0,0,0,0,0,0,0
single_label,topic_0021.json,21,Politics,8,0.35,20,"{'Transportation': 1, 'Waste': 3, 'Politics': 7, 'Lifestyle': 4, 'Air Quality': 2, 'Environment': 1, 'Weather': 1, 'Activism': 1}",7,1,0,0,0,0,4,0,0,3,0,1,1,0,0,0,0,0,2,1,0,0,0,0,0,0,0,0,0,0,0,0,0,0,0,0,0,0,0,0,0,0,0,0,0,0,0,0,0,0,0,0,0,0,0,0,0,0,0,0,0,0,0,0,0,0,0,0,0,0,0,0,0,0,0,0,0,0,0,0,0,0,0,0,0,0,0,0
single_label,topic_0022.json,22,Disaster,8,0.45,20,"{'Nature': 1, 'Activism': 2, 'Construction': 1, 'Disaster': 9, 'Fossil': 2, 'Lifestyle': 1, 'Renewable': 2, 'Weather': 2}",0,2,1,9,2,2,1,0,0,0,0,2,0,0,0,1,0,0,0,0,0,0,0,0,0,0,0,0,0,0,0,0,0,0,0,0,0,0,0,0,0,0,0,0,0,0,0,0,0,0,0,0,0,0,0,0,0,0,0,0,0,0,0,0,0,0,0,0,0,0,0,0,0,0,0,0,0,0,0,0,0,0,0,0,0,0,0,0
single_label,topic_0023.json,23,Nature,5,0.7,20,"{'Disaster': 1, 'Nature': 14, 'Renewable': 1, 'Activism': 3, 'Weather': 1}",0,3,14,1,1,0,0,0,0,0,0,1,0,0,0,0,0,0,0,0,0,0,0,0,0,0,0,0,0,0,0,0,0,0,0,0,0,0,0,0,0,0,0,0,0,0,0,0,0,0,0,0,0,0,0,0,0,0,0,0,0,0,0,0,0,0,0,0,0,0,0,0,0,0,0,0,0,0,0,0,0,0,0,0,0,0,0,0
single_label,topic_0024.json,24,Construction,7,0.55,20,"{'Construction': 11, 'Politics': 4, 'Renewable': 1, 'Transportation': 1, 'Nature': 1, 'Disaster': 1, 'Lifestyle': 1}",4,0,1,1,1,0,1,0,0,0,0,0,1,0,0,11,0,0,0,0,0,0,0,0,0,0,0,0,0,0,0,0,0,0,0,0,0,0,0,0,0,0,0,0,0,0,0,0,0,0,0,0,0,0,0,0,0,0,0,0,0,0,0,0,0,0,0,0,0,0,0,0,0,0,0,0,0,0,0,0,0,0,0,0,0,0,0,0
single_label,topic_0025.json,25,Renewable,5,0.7,20,"{'Renewable': 14, 'Nature': 1, 'Transportation': 2, 'Nuclear': 1, 'Fossil': 2}",0,0,1,0,14,2,0,1,0,0,0,0,2,0,0,0,0,0,0,0,0,0,0,0,0,0,0,0,0,0,0,0,0,0,0,0,0,0,0,0,0,0,0,0,0,0,0,0,0,0,0,0,0,0,0,0,0,0,0,0,0,0,0,0,0,0,0,0,0,0,0,0,0,0,0,0,0,0,0,0,0,0,0,0,0,0,0,0
single_label,topic_0026.json,26,Politics,6,0.55,20,"{'Activism': 2, 'Politics': 11, 'Nature': 4, 'Agriculture': 1, 'Disaster': 1, 'Waste': 1}",11,2,4,1,0,0,0,0,0,1,1,0,0,0,0,0,0,0,0,0,0,0,0,0,0,0,0,0,0,0,0,0,0,0,0,0,0,0,0,0,0,0,0,0,0,0,0,0,0,0,0,0,0,0,0,0,0,0,0,0,0,0,0,0,0,0,0,0,0,0,0,0,0,0,0,0,0,0,0,0,0,0,0,0,0,0,0,0
single_label,topic_0027.json,27,Politics,5,0.35,20,"{'Electricity': 2, 'Politics': 7, 'Fossil': 5, 'Renewable': 5, 'Waste': 1}",7,0,0,0,5,5,0,0,2,1,0,0,0,0,0,0,0,0,0,0,0,0,0,0,0,0,0,0,0,0,0,0,0,0,0,0,0,0,0,0,0,0,0,0,0,0,0,0,0,0,0,0,0,0,0,0,0,0,0,0,0,0,0,0,0,0,0,0,0,0,0,0,0,0,0,0,0,0,0,0,0,0,0,0,0,0,0,0
single_label,topic_0028.json,28,Politics,4,0.7,20,"{'Renewable': 4, 'Politics': 14, 'Lifestyle': 1, 'Economics': 1}",14,0,0,0,4,0,1,0,0,0,0,0,0,0,0,0,0,0,0,0,1,0,0,0,0,0,0,0,0,0,0,0,0,0,0,0,0,0,0,0,0,0,0,0,0,0,0,0,0,0,0,0,0,0,0,0,0,0,0,0,0,0,0,0,0,0,0,0,0,0,0,0,0,0,0,0,0,0,0,0,0,0,0,0,0,0,0,0
single_label,topic_0029.json,29,Waste,6,0.45,20,"{'Waste': 9, 'N/A': 1, 'Lifestyle': 6, 'Renewable': 2, 'Fossil': 1, 'Nature': 1}",0,0,1,0,2,1,6,0,0,9,0,0,0,0,0,0,0,0,0,0,0,1,0,0,0,0,0,0,0,0,0,0,0,0,0,0,0,0,0,0,0,0,0,0,0,0,0,0,0,0,0,0,0,0,0,0,0,0,0,0,0,0,0,0,0,0,0,0,0,0,0,0,0,0,0,0,0,0,0,0,0,0,0,0,0,0,0,0
single_label,topic_0030.json,30,Politics,8,0.45,20,"{'Politics': 9, 'Lifestyle': 1, 'Nature': 4, 'Weather': 1, 'Construction': 1, 'Activism': 2, 'No category': 1, 'Waste': 1}",9,2,4,0,0,0,1,0,0,1,0,1,0,0,0,1,0,0,0,0,0,0,1,0,0,0,0,0,0,0,0,0,0,0,0,0,0,0,0,0,0,0,0,0,0,0,0,0,0,0,0,0,0,0,0,0,0,0,0,0,0,0,0,0,0,0,0,0,0,0,0,0,0,0,0,0,0,0,0,0,0,0,0,0,0,0,0,0
single_label,topic_0031.json,31,Politics,5,0.6,20,"{'Politics': 12, 'Lifestyle': 2, 'Waste': 4, 'Activism': 1, 'Transportation': 1}",12,1,0,0,0,0,2,0,0,4,0,0,1,0,0,0,0,0,0,0,0,0,0,0,0,0,0,0,0,0,0,0,0,0,0,0,0,0,0,0,0,0,0,0,0,0,0,0,0,0,0,0,0,0,0,0,0,0,0,0,0,0,0,0,0,0,0,0,0,0,0,0,0,0,0,0,0,0,0,0,0,0,0,0,0,0,0,0
single_label,topic_0032.json,32,Nature,7,0.35,20,"{'Waste': 2, 'Activism': 1, 'Nature': 7, 'Politics': 6, 'Lifestyle': 2, 'Weather': 1, 'Fossil': 1}",6,1,7,0,0,1,2,0,0,2,0,1,0,0,0,0,0,0,0,0,0,0,0,0,0,0,0,0,0,0,0,0,0,0,0,0,0,0,0,0,0,0,0,0,0,0,0,0,0,0,0,0,0,0,0,0,0,0,0,0,0,0,0,0,0,0,0,0,0,0,0,0,0,0,0,0,0,0,0,0,0,0,0,0,0,0,0,0
single_label,topic_0033.json,33,Politics,4,0.7,20,"{'Politics': 14, 'Transportation': 1, 'Fossil': 2, 'Activism': 3}",14,3,0,0,0,2,0,0,0,0,0,0,1,0,0,0,0,0,0,0,0,0,0,0,0,0,0,0,0,0,0,0,0,0,0,0,0,0,0,0,0,0,0,0,0,0,0,0,0,0,0,0,0,0,0,0,0,0,0,0,0,0,0,0,0,0,0,0,0,0,0,0,0,0,0,0,0,0,0,0,0,0,0,0,0,0,0,0
single_label,topic_0034.json,34,Politics,5,0.55,20,"{'Politics': 11, 'Activism': 3, 'Fossil': 4, 'Renewable': 1, 'Disaster': 1}",11,3,0,1,1,4,0,0,0,0,0,0,0,0,0,0,0,0,0,0,0,0,0,0,0,0,0,0,0,0,0,0,0,0,0,0,0,0,0,0,0,0,0,0,0,0,0,0,0,0,0,0,0,0,0,0,0,0,0,0,0,0,0,0,0,0,0,0,0,0,0,0,0,0,0,0,0,0,0,0,0,0,0,0,0,0,0,0
single_label,topic_0035.json,35,Waste,7,0.45,20,"{'Disaster': 3, 'Waste': 9, 'Nature': 2, 'Lifestyle': 1, 'Fossil': 2, 'Politics': 2, 'Activism': 1}",2,1,2,3,0,2,1,0,0,9,0,0,0,0,0,0,0,0,0,0,0,0,0,0,0,0,0,0,0,0,0,0,0,0,0,0,0,0,0,0,0,0,0,0,0,0,0,0,0,0,0,0,0,0,0,0,0,0,0,0,0,0,0,0,0,0,0,0,0,0,0,0,0,0,0,0,0,0,0,0,0,0,0,0,0,0,0,0
single_label,topic_0036.json,36,Renewable,2,0.6,20,"{'Renewable': 12, 'Politics': 8}",8,0,0,0,12,0,0,0,0,0,0,0,0,0,0,0,0,0,0,0,0,0,0,0,0,0,0,0,0,0,0,0,0,0,0,0,0,0,0,0,0,0,0,0,0,0,0,0,0,0,0,0,0,0,0,0,0,0,0,0,0,0,0,0,0,0,0,0,0,0,0,0,0,0,0,0,0,0,0,0,0,0,0,0,0,0,0,0
single_label,topic_0037.json,37,Politics,7,0.45,20,"{'Nature': 1, 'Activism': 6, 'Politics': 9, 'Not climate-related': 1, 'Other': 1, 'Inappropriate': 1, 'This text does not fit any of the provided categories. The category name is: Lifestyle.': 1}",9,6,1,0,0,0,0,0,0,0,0,0,0,0,0,0,0,0,0,0,0,0,0,1,1,1,1,0,0,0,0,0,0,0,0,0,0,0,0,0,0,0,0,0,0,0,0,0,0,0,0,0,0,0,0,0,0,0,0,0,0,0,0,0,0,0,0,0,0,0,0,0,0,0,0,0,0,0,0,0,0,0,0,0,0,0,0,0
single_label,topic_0038.json,38,Weather,6,0.35,20,"{'Weather': 7, 'Politics': 6, 'Nature': 3, 'Transportation': 1, 'Renewable': 1, 'Activism': 2}",6,2,3,0,1,0,0,0,0,0,0,7,1,0,0,0,0,0,0,0,0,0,0,0,0,0,0,0,0,0,0,0,0,0,0,0,0,0,0,0,0,0,0,0,0,0,0,0,0,0,0,0,0,0,0,0,0,0,0,0,0,0,0,0,0,0,0,0,0,0,0,0,0,0,0,0,0,0,0,0,0,0,0,0,0,0,0,0
single_label,topic_0039.json,39,Technology,8,0.3,20,"{'Other': 1, 'Lifestyle': 3, 'Politics': 3, 'Renewable': 4, 'Technology': 6, 'Nature': 1, 'Waste': 1, 'Fossil': 1}",3,0,1,0,4,1,3,0,0,1,0,0,0,6,0,0,0,0,0,0,0,0,0,0,1,0,0,0,0,0,0,0,0,0,0,0,0,0,0,0,0,0,0,0,0,0,0,0,0,0,0,0,0,0,0,0,0,0,0,0,0,0,0,0,0,0,0,0,0,0,0,0,0,0,0,0,0,0,0,0,0,0,0,0,0,0,0,0
single_label,topic_0040.json,40,Disaster,4,0.45,20,"{'Activism': 2, 'Disaster': 9, 'Politics': 8, 'Weather': 1}",8,2,0,9,0,0,0,0,0,0,0,1,0,0,0,0,0,0,0,0,0,0,0,0,0,0,0,0,0,0,0,0,0,0,0,0,0,0,0,0,0,0,0,0,0,0,0,0,0,0,0,0,0,0,0,0,0,0,0,0,0,0,0,0,0,0,0,0,0,0,0,0,0,0,0,0,0,0,0,0,0,0,0,0,0,0,0,0
single_label,topic_0041.json,41,Activism,3,0.85,20,"{'Activism': 17, 'Politics': 2, 'Disaster': 1}",2,17,0,1,0,0,0,0,0,0,0,0,0,0,0,0,0,0,0,0,0,0,0,0,0,0,0,0,0,0,0,0,0,0,0,0,0,0,0,0,0,0,0,0,0,0,0,0,0,0,0,0,0,0,0,0,0,0,0,0,0,0,0,0,0,0,0,0,0,0,0,0,0,0,0,0,0,0,0,0,0,0,0,0,0,0,0,0
single_label,topic_0042.json,42,Nature,1,1.0,20,{'Nature': 20},0,0,20,0,0,0,0,0,0,0,0,0,0,0,0,0,0,0,0,0,0,0,0,0,0,0,0,0,0,0,0,0,0,0,0,0,0,0,0,0,0,0,0,0,0,0,0,0,0,0,0,0,0,0,0,0,0,0,0,0,0,0,0,0,0,0,0,0,0,0,0,0,0,0,0,0,0,0,0,0,0,0,0,0,0,0,0,0
single_label,topic_0043.json,43,Politics,3,0.55,20,"{'Activism': 8, 'Politics': 11, 'Nature': 1}",11,8,1,0,0,0,0,0,0,0,0,0,0,0,0,0,0,0,0,0,0,0,0,0,0,0,0,0,0,0,0,0,0,0,0,0,0,0,0,0,0,0,0,0,0,0,0,0,0,0,0,0,0,0,0,0,0,0,0,0,0,0,0,0,0,0,0,0,0,0,0,0,0,0,0,0,0,0,0,0,0,0,0,0,0,0,0,0
single_label,topic_0044.json,44,Politics,1,1.0,20,{'Politics': 20},20,0,0,0,0,0,0,0,0,0,0,0,0,0,0,0,0,0,0,0,0,0,0,0,0,0,0,0,0,0,0,0,0,0,0,0,0,0,0,0,0,0,0,0,0,0,0,0,0,0,0,0,0,0,0,0,0,0,0,0,0,0,0,0,0,0,0,0,0,0,0,0,0,0,0,0,0,0,0,0,0,0,0,0,0,0,0,0
single_label,topic_0045.json,45,Renewable,1,1.0,20,{'Renewable': 20},0,0,0,0,20,0,0,0,0,0,0,0,0,0,0,0,0,0,0,0,0,0,0,0,0,0,0,0,0,0,0,0,0,0,0,0,0,0,0,0,0,0,0,0,0,0,0,0,0,0,0,0,0,0,0,0,0,0,0,0,0,0,0,0,0,0,0,0,0,0,0,0,0,0,0,0,0,0,0,0,0,0,0,0,0,0,0,0
single_label,topic_0046.json,46,Renewable,5,0.6,20,"{'Renewable': 12, 'Construction': 1, 'Activism': 5, 'Transportation': 1, 'Nature': 1}",0,5,1,0,12,0,0,0,0,0,0,0,1,0,0,1,0,0,0,0,0,0,0,0,0,0,0,0,0,0,0,0,0,0,0,0,0,0,0,0,0,0,0,0,0,0,0,0,0,0,0,0,0,0,0,0,0,0,0,0,0,0,0,0,0,0,0,0,0,0,0,0,0,0,0,0,0,0,0,0,0,0,0,0,0,0,0,0
single_label,topic_0047.json,47,Nature,7,0.5,20,"{'Renewable': 1, 'Uncategorized': 2, 'Nature': 10, 'N/A': 2, 'Waste': 1, 'Weather': 2, 'Lifestyle': 2}",0,0,10,0,1,0,2,0,0,1,0,2,0,0,0,0,0,0,0,0,0,2,0,0,0,0,0,2,0,0,0,0,0,0,0,0,0,0,0,0,0,0,0,0,0,0,0,0,0,0,0,0,0,0,0,0,0,0,0,0,0,0,0,0,0,0,0,0,0,0,0,0,0,0,0,0,0,0,0,0,0,0,0,0,0,0,0,0
single_label,topic_0048.json,48,Politics,4,0.85,20,"{'Disaster': 1, 'Politics': 17, 'Nature': 1, 'Activism': 1}",17,1,1,1,0,0,0,0,0,0,0,0,0,0,0,0,0,0,0,0,0,0,0,0,0,0,0,0,0,0,0,0,0,0,0,0,0,0,0,0,0,0,0,0,0,0,0,0,0,0,0,0,0,0,0,0,0,0,0,0,0,0,0,0,0,0,0,0,0,0,0,0,0,0,0,0,0,0,0,0,0,0,0,0,0,0,0,0
single_label,topic_1000.json,1000,Renewable,4,0.65,20,"{'Electricity': 4, 'Renewable': 13, 'Politics': 2, 'Fossil': 1}",2,0,0,0,13,1,0,0,4,0,0,0,0,0,0,0,0,0,0,0,0,0,0,0,0,0,0,0,0,0,0,0,0,0,0,0,0,0,0,0,0,0,0,0,0,0,0,0,0,0,0,0,0,0,0,0,0,0,0,0,0,0,0,0,0,0,0,0,0,0,0,0,0,0,0,0,0,0,0,0,0,0,0,0,0,0,0,0
single_label,topic_1001.json,1001,Politics,5,0.45,20,"{'Politics': 9, 'Disaster': 3, 'Activism': 5, 'Renewable': 2, 'Fossil': 1}",9,5,0,3,2,1,0,0,0,0,0,0,0,0,0,0,0,0,0,0,0,0,0,0,0,0,0,0,0,0,0,0,0,0,0,0,0,0,0,0,0,0,0,0,0,0,0,0,0,0,0,0,0,0,0,0,0,0,0,0,0,0,0,0,0,0,0,0,0,0,0,0,0,0,0,0,0,0,0,0,0,0,0,0,0,0,0,0
single_label,topic_1002.json,1002,Weather,4,0.6,20,"{'Weather': 12, 'Disaster': 4, 'Renewable': 3, 'Nature': 1}",0,0,1,4,3,0,0,0,0,0,0,12,0,0,0,0,0,0,0,0,0,0,0,0,0,0,0,0,0,0,0,0,0,0,0,0,0,0,0,0,0,0,0,0,0,0,0,0,0,0,0,0,0,0,0,0,0,0,0,0,0,0,0,0,0,0,0,0,0,0,0,0,0,0,0,0,0,0,0,0,0,0,0,0,0,0,0,0
single_label,topic_1003.json,1003,Activism,6,0.45,20,"{'Lifestyle': 2, 'Fossil': 1, 'Activism': 9, 'Politics': 5, 'Renewable': 2, 'Nature': 1}",5,9,1,0,2,1,2,0,0,0,0,0,0,0,0,0,0,0,0,0,0,0,0,0,0,0,0,0,0,0,0,0,0,0,0,0,0,0,0,0,0,0,0,0,0,0,0,0,0,0,0,0,0,0,0,0,0,0,0,0,0,0,0,0,0,0,0,0,0,0,0,0,0,0,0,0,0,0,0,0,0,0,0,0,0,0,0,0
single_label,topic_1004.json,1004,Politics,6,0.75,20,"{'Politics': 15, 'Disaster': 1, 'Lifestyle': 1, 'Waste': 1, 'Nature': 1, 'Activism': 1}",15,1,1,1,0,0,1,0,0,1,0,0,0,0,0,0,0,0,0,0,0,0,0,0,0,0,0,0,0,0,0,0,0,0,0,0,0,0,0,0,0,0,0,0,0,0,0,0,0,0,0,0,0,0,0,0,0,0,0,0,0,0,0,0,0,0,0,0,0,0,0,0,0,0,0,0,0,0,0,0,0,0,0,0,0,0,0,0
single_label,topic_1005.json,1005,Politics,8,0.5,20,"{'Politics': 10, 'Waste': 1, 'Renewable': 4, 'Agriculture': 1, 'Fossil': 1, 'Activism': 1, 'Lifestyle': 1, 'Transportation': 1}",10,1,0,0,4,1,1,0,0,1,1,0,1,0,0,0,0,0,0,0,0,0,0,0,0,0,0,0,0,0,0,0,0,0,0,0,0,0,0,0,0,0,0,0,0,0,0,0,0,0,0,0,0,0,0,0,0,0,0,0,0,0,0,0,0,0,0,0,0,0,0,0,0,0,0,0,0,0,0,0,0,0,0,0,0,0,0,0
single_label,topic_1006.json,1006,Politics,5,0.6,20,"{'Activism': 2, 'Politics': 12, 'Fossil': 2, 'Renewable': 3, 'Weather': 1}",12,2,0,0,3,2,0,0,0,0,0,1,0,0,0,0,0,0,0,0,0,0,0,0,0,0,0,0,0,0,0,0,0,0,0,0,0,0,0,0,0,0,0,0,0,0,0,0,0,0,0,0,0,0,0,0,0,0,0,0,0,0,0,0,0,0,0,0,0,0,0,0,0,0,0,0,0,0,0,0,0,0,0,0,0,0,0,0
single_label,topic_1007.json,1007,Politics,4,0.5,20,"{'Activism': 7, 'Politics': 10, 'Nature': 2, 'Waste': 1}",10,7,2,0,0,0,0,0,0,1,0,0,0,0,0,0,0,0,0,0,0,0,0,0,0,0,0,0,0,0,0,0,0,0,0,0,0,0,0,0,0,0,0,0,0,0,0,0,0,0,0,0,0,0,0,0,0,0,0,0,0,0,0,0,0,0,0,0,0,0,0,0,0,0,0,0,0,0,0,0,0,0,0,0,0,0,0,0
single_label,topic_1008.json,1008,Politics,4,0.7,20,"{'Politics': 14, 'Renewable': 4, 'Electricity': 1, 'Activism': 1}",14,1,0,0,4,0,0,0,1,0,0,0,0,0,0,0,0,0,0,0,0,0,0,0,0,0,0,0,0,0,0,0,0,0,0,0,0,0,0,0,0,0,0,0,0,0,0,0,0,0,0,0,0,0,0,0,0,0,0,0,0,0,0,0,0,0,0,0,0,0,0,0,0,0,0,0,0,0,0,0,0,0,0,0,0,0,0,0
single_label,topic_1009.json,1009,Politics,5,0.6,20,"{'Politics': 12, 'Disaster': 1, 'Construction': 1, 'Renewable': 5, 'Activism': 1}",12,1,0,1,5,0,0,0,0,0,0,0,0,0,0,1,0,0,0,0,0,0,0,0,0,0,0,0,0,0,0,0,0,0,0,0,0,0,0,0,0,0,0,0,0,0,0,0,0,0,0,0,0,0,0,0,0,0,0,0,0,0,0,0,0,0,0,0,0,0,0,0,0,0,0,0,0,0,0,0,0,0,0,0,0,0,0,0
single_label,topic_1010.json,1010,Lifestyle,11,0.25,20,"{'Disaster': 3, 'Politics': 1, 'Lifestyle': 5, 'Transportation': 1, 'Nature': 2, 'Environment': 2, 'Fossil': 1, 'Renewable': 1, 'Weather': 1, 'Air Quality': 2, 'Waste': 1}",1,0,2,3,1,1,5,0,0,1,0,1,1,0,0,0,0,0,2,2,0,0,0,0,0,0,0,0,0,0,0,0,0,0,0,0,0,0,0,0,0,0,0,0,0,0,0,0,0,0,0,0,0,0,0,0,0,0,0,0,0,0,0,0,0,0,0,0,0,0,0,0,0,0,0,0,0,0,0,0,0,0,0,0,0,0,0,0
single_label,topic_1011.json,1011,Nature,11,0.3,20,"{'Nature': 6, 'Arts': 1, 'Renewable': 3, 'Other': 1, 'Lifestyle': 2, 'Literature': 1, 'Activism': 2, 'No specific category fits the provided text.': 1, 'N/A': 1, 'Technology': 1, 'Not classified': 1}",0,2,6,0,3,0,2,0,0,0,0,0,0,1,0,0,0,0,0,0,0,1,0,0,1,0,0,0,1,1,1,1,0,0,0,0,0,0,0,0,0,0,0,0,0,0,0,0,0,0,0,0,0,0,0,0,0,0,0,0,0,0,0,0,0,0,0,0,0,0,0,0,0,0,0,0,0,0,0,0,0,0,0,0,0,0,0,0
single_label,topic_1012.json,1012,Politics,7,0.3,20,"{'Politics': 6, 'Activism': 5, 'Nature': 3, 'Lifestyle': 2, 'Renewable': 1, 'Agriculture': 2, 'Fossil': 1}",6,5,3,0,1,1,2,0,0,0,2,0,0,0,0,0,0,0,0,0,0,0,0,0,0,0,0,0,0,0,0,0,0,0,0,0,0,0,0,0,0,0,0,0,0,0,0,0,0,0,0,0,0,0,0,0,0,0,0,0,0,0,0,0,0,0,0,0,0,0,0,0,0,0,0,0,0,0,0,0,0,0,0,0,0,0,0,0
single_label,topic_1013.json,1013,Politics,7,0.4,20,"{'Renewable': 5, 'Politics': 8, 'Weather': 2, 'Uncategorized': 1, 'Lifestyle': 1, 'Waste': 1, 'Activism': 2}",8,2,0,0,5,0,1,0,0,1,0,2,0,0,0,0,0,0,0,0,0,0,0,0,0,0,0,1,0,0,0,0,0,0,0,0,0,0,0,0,0,0,0,0,0,0,0,0,0,0,0,0,0,0,0,0,0,0,0,0,0,0,0,0,0,0,0,0,0,0,0,0,0,0,0,0,0,0,0,0,0,0,0,0,0,0,0,0
single_label,topic_1014.json,1014,Politics,5,0.75,20,"{'Politics': 15, 'Activism': 2, 'Nature': 1, 'Renewable': 1, 'Fossil': 1}",15,2,1,0,1,1,0,0,0,0,0,0,0,0,0,0,0,0,0,0,0,0,0,0,0,0,0,0,0,0,0,0,0,0,0,0,0,0,0,0,0,0,0,0,0,0,0,0,0,0,0,0,0,0,0,0,0,0,0,0,0,0,0,0,0,0,0,0,0,0,0,0,0,0,0,0,0,0,0,0,0,0,0,0,0,0,0,0
single_label,topic_1015.json,1015,Nature,6,0.4,20,"{'Nature': 8, 'Waste': 3, 'Activism': 5, 'Disaster': 1, 'Weather': 1, 'Renewable': 2}",0,5,8,1,2,0,0,0,0,3,0,1,0,0,0,0,0,0,0,0,0,0,0,0,0,0,0,0,0,0,0,0,0,0,0,0,0,0,0,0,0,0,0,0,0,0,0,0,0,0,0,0,0,0,0,0,0,0,0,0,0,0,0,0,0,0,0,0,0,0,0,0,0,0,0,0,0,0,0,0,0,0,0,0,0,0,0,0
single_label,topic_1016.json,1016,Renewable,3,0.45,20,"{'Politics': 4, 'Renewable': 9, 'Transportation': 7}",4,0,0,0,9,0,0,0,0,0,0,0,7,0,0,0,0,0,0,0,0,0,0,0,0,0,0,0,0,0,0,0,0,0,0,0,0,0,0,0,0,0,0,0,0,0,0,0,0,0,0,0,0,0,0,0,0,0,0,0,0,0,0,0,0,0,0,0,0,0,0,0,0,0,0,0,0,0,0,0,0,0,0,0,0,0,0,0
single_label,topic_1017.json,1017,Renewable,5,0.5,20,"{'Politics': 3, 'Activism': 3, 'Fossil': 2, 'Renewable': 10, 'Disaster': 2}",3,3,0,2,10,2,0,0,0,0,0,0,0,0,0,0,0,0,0,0,0,0,0,0,0,0,0,0,0,0,0,0,0,0,0,0,0,0,0,0,0,0,0,0,0,0,0,0,0,0,0,0,0,0,0,0,0,0,0,0,0,0,0,0,0,0,0,0,0,0,0,0,0,0,0,0,0,0,0,0,0,0,0,0,0,0,0,0
single_label,topic_1018.json,1018,Nature,7,0.55,20,"{'Renewable': 2, 'Nature': 11, 'Agriculture': 2, 'Lifestyle': 1, 'Politics': 2, 'Weather': 1, 'Activism': 1}",2,1,11,0,2,0,1,0,0,0,2,1,0,0,0,0,0,0,0,0,0,0,0,0,0,0,0,0,0,0,0,0,0,0,0,0,0,0,0,0,0,0,0,0,0,0,0,0,0,0,0,0,0,0,0,0,0,0,0,0,0,0,0,0,0,0,0,0,0,0,0,0,0,0,0,0,0,0,0,0,0,0,0,0,0,0,0,0
single_label,topic_1019.json,1019,Waste,7,0.55,20,"{'Waste': 11, 'N/A': 2, 'Shopping': 1, 'Renewable': 1, 'Electricity': 1, 'Agriculture': 1, 'Lifestyle': 3}",0,0,0,0,1,0,3,0,1,11,1,0,0,0,0,0,0,0,0,0,0,2,0,0,0,0,0,0,0,0,0,0,1,0,0,0,0,0,0,0,0,0,0,0,0,0,0,0,0,0,0,0,0,0,0,0,0,0,0,0,0,0,0,0,0,0,0,0,0,0,0,0,0,0,0,0,0,0,0,0,0,0,0,0,0,0,0,0
single_label,topic_1020.json,1020,Fossil,5,0.5,20,"{'Waste': 1, 'Fossil': 10, 'Renewable': 1, 'Activism': 3, 'Politics': 5}",5,3,0,0,1,10,0,0,0,1,0,0,0,0,0,0,0,0,0,0,0,0,0,0,0,0,0,0,0,0,0,0,0,0,0,0,0,0,0,0,0,0,0,0,0,0,0,0,0,0,0,0,0,0,0,0,0,0,0,0,0,0,0,0,0,0,0,0,0,0,0,0,0,0,0,0,0,0,0,0,0,0,0,0,0,0,0,0
single_label,topic_1021.json,1021,Politics,4,0.65,20,"{'Politics': 13, 'Activism': 3, 'Disaster': 3, 'Transportation': 1}",13,3,0,3,0,0,0,0,0,0,0,0,1,0,0,0,0,0,0,0,0,0,0,0,0,0,0,0,0,0,0,0,0,0,0,0,0,0,0,0,0,0,0,0,0,0,0,0,0,0,0,0,0,0,0,0,0,0,0,0,0,0,0,0,0,0,0,0,0,0,0,0,0,0,0,0,0,0,0,0,0,0,0,0,0,0,0,0
single_label,topic_1022.json,1022,Construction,6,0.4,20,"{'Construction': 8, 'Waste': 2, 'Nature': 2, 'Lifestyle': 4, 'Renewable': 3, 'Uncategorized': 1}",0,0,2,0,3,0,4,0,0,2,0,0,0,0,0,8,0,0,0,0,0,0,0,0,0,0,0,1,0,0,0,0,0,0,0,0,0,0,0,0,0,0,0,0,0,0,0,0,0,0,0,0,0,0,0,0,0,0,0,0,0,0,0,0,0,0,0,0,0,0,0,0,0,0,0,0,0,0,0,0,0,0,0,0,0,0,0,0
single_label,topic_1023.json,1023,Politics,7,0.5,20,"{'Politics': 10, 'Disaster': 3, 'Activism': 3, 'Technology': 1, 'Renewable': 1, 'Waste': 1, 'Nature': 1}",10,3,1,3,1,0,0,0,0,1,0,0,0,1,0,0,0,0,0,0,0,0,0,0,0,0,0,0,0,0,0,0,0,0,0,0,0,0,0,0,0,0,0,0,0,0,0,0,0,0,0,0,0,0,0,0,0,0,0,0,0,0,0,0,0,0,0,0,0,0,0,0,0,0,0,0,0,0,0,0,0,0,0,0,0,0,0,0
single_label,topic_1024.json,1024,Renewable,6,0.3,20,"{'Lifestyle': 2, 'Electricity': 4, 'Renewable': 6, 'Waste': 4, 'Construction': 2, 'Activism': 2}",0,2,0,0,6,0,2,0,4,4,0,0,0,0,0,2,0,0,0,0,0,0,0,0,0,0,0,0,0,0,0,0,0,0,0,0,0,0,0,0,0,0,0,0,0,0,0,0,0,0,0,0,0,0,0,0,0,0,0,0,0,0,0,0,0,0,0,0,0,0,0,0,0,0,0,0,0,0,0,0,0,0,0,0,0,0,0,0
single_label,topic_1025.json,1025,Fossil,8,0.45,20,"{'Fossil': 9, 'Renewable': 5, 'Weather': 1, 'Waste': 1, 'Electricity': 1, 'Activism': 1, 'Politics': 1, 'Transportation': 1}",1,1,0,0,5,9,0,0,1,1,0,1,1,0,0,0,0,0,0,0,0,0,0,0,0,0,0,0,0,0,0,0,0,0,0,0,0,0,0,0,0,0,0,0,0,0,0,0,0,0,0,0,0,0,0,0,0,0,0,0,0,0,0,0,0,0,0,0,0,0,0,0,0,0,0,0,0,0,0,0,0,0,0,0,0,0,0,0
single_label,topic_1026.json,1026,Fossil,6,0.5,20,"{'Politics': 6, 'Disaster': 1, 'Fossil': 10, 'Waste': 1, 'Electricity': 1, 'Activism': 1}",6,1,0,1,0,10,0,0,1,1,0,0,0,0,0,0,0,0,0,0,0,0,0,0,0,0,0,0,0,0,0,0,0,0,0,0,0,0,0,0,0,0,0,0,0,0,0,0,0,0,0,0,0,0,0,0,0,0,0,0,0,0,0,0,0,0,0,0,0,0,0,0,0,0,0,0,0,0,0,0,0,0,0,0,0,0,0,0
single_label,topic_1027.json,1027,Transportation,6,0.5,20,"{'Transportation': 10, 'Lifestyle': 5, 'Fossil': 2, 'Renewable': 1, 'Construction': 1, 'Weather': 1}",0,0,0,0,1,2,5,0,0,0,0,1,10,0,0,1,0,0,0,0,0,0,0,0,0,0,0,0,0,0,0,0,0,0,0,0,0,0,0,0,0,0,0,0,0,0,0,0,0,0,0,0,0,0,0,0,0,0,0,0,0,0,0,0,0,0,0,0,0,0,0,0,0,0,0,0,0,0,0,0,0,0,0,0,0,0,0,0
single_label,topic_1028.json,1028,Weather,1,1.0,20,{'Weather': 20},0,0,0,0,0,0,0,0,0,0,0,20,0,0,0,0,0,0,0,0,0,0,0,0,0,0,0,0,0,0,0,0,0,0,0,0,0,0,0,0,0,0,0,0,0,0,0,0,0,0,0,0,0,0,0,0,0,0,0,0,0,0,0,0,0,0,0,0,0,0,0,0,0,0,0,0,0,0,0,0,0,0,0,0,0,0,0,0
single_label,topic_1029.json,1029,Nature,7,0.35,20,"{'Waste': 1, 'Agriculture': 6, 'Nature': 7, 'Fossil': 1, 'Lifestyle': 2, 'Politics': 2, 'Weather': 1}",2,0,7,0,0,1,2,0,0,1,6,1,0,0,0,0,0,0,0,0,0,0,0,0,0,0,0,0,0,0,0,0,0,0,0,0,0,0,0,0,0,0,0,0,0,0,0,0,0,0,0,0,0,0,0,0,0,0,0,0,0,0,0,0,0,0,0,0,0,0,0,0,0,0,0,0,0,0,0,0,0,0,0,0,0,0,0,0
single_label,topic_1030.json,1030,Nature,7,0.3,20,"{'Disaster': 4, 'Waste': 2, 'Activism': 1, 'Nature': 6, 'Lifestyle': 5, 'Fossil': 1, 'Politics': 1}",1,1,6,4,0,1,5,0,0,2,0,0,0,0,0,0,0,0,0,0,0,0,0,0,0,0,0,0,0,0,0,0,0,0,0,0,0,0,0,0,0,0,0,0,0,0,0,0,0,0,0,0,0,0,0,0,0,0,0,0,0,0,0,0,0,0,0,0,0,0,0,0,0,0,0,0,0,0,0,0,0,0,0,0,0,0,0,0
single_label,topic_1031.json,1031,Lifestyle,4,0.35,20,"{'Nature': 6, 'Lifestyle': 7, 'Weather': 6, 'Disaster': 1}",0,0,6,1,0,0,7,0,0,0,0,6,0,0,0,0,0,0,0,0,0,0,0,0,0,0,0,0,0,0,0,0,0,0,0,0,0,0,0,0,0,0,0,0,0,0,0,0,0,0,0,0,0,0,0,0,0,0,0,0,0,0,0,0,0,0,0,0,0,0,0,0,0,0,0,0,0,0,0,0,0,0,0,0,0,0,0,0
single_label,topic_1032.json,1032,Nature,5,0.6,20,"{'Agriculture': 5, 'Nature': 12, 'Activism': 1, 'Disaster': 1, 'Renewable': 1}",0,1,12,1,1,0,0,0,0,0,5,0,0,0,0,0,0,0,0,0,0,0,0,0,0,0,0,0,0,0,0,0,0,0,0,0,0,0,0,0,0,0,0,0,0,0,0,0,0,0,0,0,0,0,0,0,0,0,0,0,0,0,0,0,0,0,0,0,0,0,0,0,0,0,0,0,0,0,0,0,0,0,0,0,0,0,0,0
single_label,topic_1033.json,1033,Renewable,6,0.5,20,"{'Renewable': 10, 'Agriculture': 3, 'Waste': 3, 'Transportation': 1, 'Fossil': 1, 'Activism': 2}",0,2,0,0,10,1,0,0,0,3,3,0,1,0,0,0,0,0,0,0,0,0,0,0,0,0,0,0,0,0,0,0,0,0,0,0,0,0,0,0,0,0,0,0,0,0,0,0,0,0,0,0,0,0,0,0,0,0,0,0,0,0,0,0,0,0,0,0,0,0,0,0,0,0,0,0,0,0,0,0,0,0,0,0,0,0,0,0
single_label,topic_1034.json,1034,Renewable,9,0.25,20,"{'Politics': 4, 'Renewable': 5, 'Agriculture': 1, 'Activism': 3, 'Nature': 3, 'Construction': 1, 'Fossil': 1, 'Waste': 1, 'Lifestyle': 1}",4,3,3,0,5,1,1,0,0,1,1,0,0,0,0,1,0,0,0,0,0,0,0,0,0,0,0,0,0,0,0,0,0,0,0,0,0,0,0,0,0,0,0,0,0,0,0,0,0,0,0,0,0,0,0,0,0,0,0,0,0,0,0,0,0,0,0,0,0,0,0,0,0,0,0,0,0,0,0,0,0,0,0,0,0,0,0,0
single_label,topic_1035.json,1035,Activism,6,0.35,20,"{'Lifestyle': 4, 'Activism': 7, 'Fossil': 1, 'Politics': 6, 'Nature': 1, 'Disaster': 1}",6,7,1,1,0,1,4,0,0,0,0,0,0,0,0,0,0,0,0,0,0,0,0,0,0,0,0,0,0,0,0,0,0,0,0,0,0,0,0,0,0,0,0,0,0,0,0,0,0,0,0,0,0,0,0,0,0,0,0,0,0,0,0,0,0,0,0,0,0,0,0,0,0,0,0,0,0,0,0,0,0,0,0,0,0,0,0,0
single_label,topic_1036.json,1036,Politics,7,0.55,20,"{'Renewable': 2, 'Politics': 11, 'Activism': 1, 'Disaster': 1, 'Electricity': 1, 'Agriculture': 1, 'Nature': 3}",11,1,3,1,2,0,0,0,1,0,1,0,0,0,0,0,0,0,0,0,0,0,0,0,0,0,0,0,0,0,0,0,0,0,0,0,0,0,0,0,0,0,0,0,0,0,0,0,0,0,0,0,0,0,0,0,0,0,0,0,0,0,0,0,0,0,0,0,0,0,0,0,0,0,0,0,0,0,0,0,0,0,0,0,0,0,0,0
single_label,topic_1037.json,1037,Politics,5,0.75,20,"{'Renewable': 1, 'Politics': 15, 'Activism': 2, 'Disaster': 1, 'Nature': 1}",15,2,1,1,1,0,0,0,0,0,0,0,0,0,0,0,0,0,0,0,0,0,0,0,0,0,0,0,0,0,0,0,0,0,0,0,0,0,0,0,0,0,0,0,0,0,0,0,0,0,0,0,0,0,0,0,0,0,0,0,0,0,0,0,0,0,0,0,0,0,0,0,0,0,0,0,0,0,0,0,0,0,0,0,0,0,0,0
single_label,topic_1038.json,1038,Lifestyle,4,0.45,20,"{'Lifestyle': 9, 'Activism': 5, 'Politics': 3, 'Nature': 3}",3,5,3,0,0,0,9,0,0,0,0,0,0,0,0,0,0,0,0,0,0,0,0,0,0,0,0,0,0,0,0,0,0,0,0,0,0,0,0,0,0,0,0,0,0,0,0,0,0,0,0,0,0,0,0,0,0,0,0,0,0,0,0,0,0,0,0,0,0,0,0,0,0,0,0,0,0,0,0,0,0,0,0,0,0,0,0,0
single_label,topic_1039.json,1039,Nature,5,0.4,20,"{'Activism': 6, 'Lifestyle': 3, 'Nature': 8, 'Disaster': 2, 'Weather': 1}",0,6,8,2,0,0,3,0,0,0,0,1,0,0,0,0,0,0,0,0,0,0,0,0,0,0,0,0,0,0,0,0,0,0,0,0,0,0,0,0,0,0,0,0,0,0,0,0,0,0,0,0,0,0,0,0,0,0,0,0,0,0,0,0,0,0,0,0,0,0,0,0,0,0,0,0,0,0,0,0,0,0,0,0,0,0,0,0
single_label,topic_1040.json,1040,Politics,4,0.5,20,"{'Fossil': 2, 'Renewable': 7, 'Politics': 10, 'Construction': 1}",10,0,0,0,7,2,0,0,0,0,0,0,0,0,0,1,0,0,0,0,0,0,0,0,0,0,0,0,0,0,0,0,0,0,0,0,0,0,0,0,0,0,0,0,0,0,0,0,0,0,0,0,0,0,0,0,0,0,0,0,0,0,0,0,0,0,0,0,0,0,0,0,0,0,0,0,0,0,0,0,0,0,0,0,0,0,0,0
single_label,topic_1041.json,1041,Politics,5,0.55,20,"{'Politics': 11, 'Disaster': 2, 'Renewable': 1, 'Waste': 1, 'Activism': 5}",11,5,0,2,1,0,0,0,0,1,0,0,0,0,0,0,0,0,0,0,0,0,0,0,0,0,0,0,0,0,0,0,0,0,0,0,0,0,0,0,0,0,0,0,0,0,0,0,0,0,0,0,0,0,0,0,0,0,0,0,0,0,0,0,0,0,0,0,0,0,0,0,0,0,0,0,0,0,0,0,0,0,0,0,0,0,0,0
single_label,topic_1042.json,1042,Politics,8,0.6,20,"{'Lifestyle': 2, 'Politics': 12, 'Construction': 1, 'Renewable': 1, 'Not classified': 1, 'Weather': 1, 'Activism': 1, 'Nature': 1}",12,1,1,0,1,0,2,0,0,0,0,1,0,0,0,1,0,0,0,0,0,0,0,0,0,0,0,0,0,0,0,1,0,0,0,0,0,0,0,0,0,0,0,0,0,0,0,0,0,0,0,0,0,0,0,0,0,0,0,0,0,0,0,0,0,0,0,0,0,0,0,0,0,0,0,0,0,0,0,0,0,0,0,0,0,0,0,0
single_label,topic_1043.json,1043,Agriculture,5,0.75,20,"{'Agriculture': 15, 'Nature': 1, 'Disaster': 1, 'Lifestyle': 2, 'Renewable': 1}",0,0,1,1,1,0,2,0,0,0,15,0,0,0,0,0,0,0,0,0,0,0,0,0,0,0,0,0,0,0,0,0,0,0,0,0,0,0,0,0,0,0,0,0,0,0,0,0,0,0,0,0,0,0,0,0,0,0,0,0,0,0,0,0,0,0,0,0,0,0,0,0,0,0,0,0,0,0,0,0,0,0,0,0,0,0,0,0
single_label,topic_1044.json,1044,Politics,5,0.5,20,"{'Politics': 10, 'Activism': 5, 'Renewable': 3, 'Disaster': 1, 'Nature': 1}",10,5,1,1,3,0,0,0,0,0,0,0,0,0,0,0,0,0,0,0,0,0,0,0,0,0,0,0,0,0,0,0,0,0,0,0,0,0,0,0,0,0,0,0,0,0,0,0,0,0,0,0,0,0,0,0,0,0,0,0,0,0,0,0,0,0,0,0,0,0,0,0,0,0,0,0,0,0,0,0,0,0,0,0,0,0,0,0
single_label,topic_1045.json,1045,Nature,6,0.65,20,"{'Disaster': 1, 'Nature': 13, 'Water': 1, 'Lifestyle': 1, 'Agriculture': 2, 'Renewable': 2}",0,0,13,1,2,0,1,0,0,0,2,0,0,0,0,0,0,0,0,0,0,0,0,0,0,0,0,0,0,0,0,0,0,1,0,0,0,0,0,0,0,0,0,0,0,0,0,0,0,0,0,0,0,0,0,0,0,0,0,0,0,0,0,0,0,0,0,0,0,0,0,0,0,0,0,0,0,0,0,0,0,0,0,0,0,0,0,0
single_label,topic_1046.json,1046,Nature,10,0.25,20,"{'New Category': 2, 'Nature': 5, 'Renewable': 1, 'Lifestyle': 2, 'Uncategorized': 4, 'Transportation': 1, 'Technology': 1, 'Waste': 2, 'N/A': 1, 'Other': 1}",0,0,5,0,1,0,2,0,0,2,0,0,1,1,0,0,0,0,0,0,0,1,0,0,1,0,0,4,0,0,0,0,0,0,2,0,0,0,0,0,0,0,0,0,0,0,0,0,0,0,0,0,0,0,0,0,0,0,0,0,0,0,0,0,0,0,0,0,0,0,0,0,0,0,0,0,0,0,0,0,0,0,0,0,0,0,0,0
single_label,topic_1047.json,1047,Renewable,4,0.7,20,"{'Renewable': 14, 'Activism': 1, 'Nature': 3, 'Politics': 2}",2,1,3,0,14,0,0,0,0,0,0,0,0,0,0,0,0,0,0,0,0,0,0,0,0,0,0,0,0,0,0,0,0,0,0,0,0,0,0,0,0,0,0,0,0,0,0,0,0,0,0,0,0,0,0,0,0,0,0,0,0,0,0,0,0,0,0,0,0,0,0,0,0,0,0,0,0,0,0,0,0,0,0,0,0,0,0,0
single_label,topic_1048.json,1048,Politics,4,0.85,20,"{'Politics': 17, 'Fossil': 1, 'Lifestyle': 1, 'Renewable': 1}",17,0,0,0,1,1,1,0,0,0,0,0,0,0,0,0,0,0,0,0,0,0,0,0,0,0,0,0,0,0,0,0,0,0,0,0,0,0,0,0,0,0,0,0,0,0,0,0,0,0,0,0,0,0,0,0,0,0,0,0,0,0,0,0,0,0,0,0,0,0,0,0,0,0,0,0,0,0,0,0,0,0,0,0,0,0,0,0
